발생년월일,주야,요일,사망자수,사상자수,중상자수,경상자수,부상신고자수,발생지시도,발생지시군구,사고유형_대분류,사고유형_중분류,법규위반,도로형태_대분류,도로형태,당사자종별_1당_대분류,당사자종별_2당_대분류,경도,위도,발생지,사고피해정도,사고차량타입,도시여부,주말/공휴일,인구수,발생지번호
2018-07-28,주간,토,1,7,2,4,0,경기,용인시,차대차,정면충돌,중앙선 침범,교차로,교차로부근,승용차,승용차,127.1472,37.2516,경기용인시,1,승용차승용차,0,1,0,51
2018-07-08,주간,일,2,3,1,0,0,경기,양평군,차량단독,도로이탈,안전운전 의무 불이행,단일로,기타단일로,승용차,없음,127.5021,37.5538,경기양평군,1,승용차없음,0,1,0,48
2018-01-07,주간,일,1,5,2,2,0,경기,시흥시,차대차,추돌,안전운전 의무 불이행,단일로,기타단일로,화물차,승용차,126.8275,37.405,경기시흥시,1,화물차승용차,0,1,0,73
2018-05-13,주간,일,2,4,2,0,0,경기,가평군,차량단독,공작물충돌,안전운전 의무 불이행,단일로,기타단일로,승용차,없음,127.4413,37.6492,경기가평군,1,승용차없음,0,1,0,176
2018-03-24,야간,토,1,4,0,3,0,경기,화성시,차대차,추돌,안전운전 의무 불이행,단일로,기타단일로,승용차,화물차,126.9806,37.1795,경기화성시,1,승용차화물차,0,1,0,50
2018-07-02,야간,월,2,4,0,2,0,경기,이천시,차대차,기타,안전운전 의무 불이행,단일로,기타단일로,승용차,승용차,127.3536,37.2502,경기이천시,1,승용차승용차,0,0,0,41
2018-10-25,야간,목,2,4,2,0,0,충북,제천시,차대차,정면충돌,중앙선 침범,기타,기타,승용차,승용차,128.2056,37.0816,충북제천시,1,승용차승용차,0,0,0,103
2018-02-04,야간,일,1,6,2,3,0,충북,진천군,차대차,기타,안전거리 미확보,단일로,기타단일로,승합차,승용차,127.4489,36.9198,충북진천군,1,승합차승용차,0,1,0,60
2018-02-16,야간,금,1,6,2,3,0,충북,청주시,차대차,기타,신호위반,교차로,교차로내,승용차,승용차,127.4363,36.6326,충북청주시,1,승용차승용차,0,1,0,83
2018-02-03,야간,토,1,6,1,4,0,충북,음성군,차대차,추돌,안전거리 미확보,단일로,기타단일로,특수차,화물차,127.4828,37.0225,충북음성군,1,특수차화물차,0,1,0,110
2018-11-20,야간,화,1,5,0,4,0,충북,충주시,차대차,추돌,안전거리 미확보,단일로,기타단일로,승용차,승용차,127.7197,37.0881,충북충주시,1,승용차승용차,0,0,0,6
2018-11-20,야간,화,3,5,2,0,0,충남,홍성군,차량단독,공작물충돌,안전운전 의무 불이행,교차로,교차로부근,승용차,없음,126.6532,36.6053,충남홍성군,1,승용차없음,0,0,0,38
2018-07-10,주간,화,1,4,0,3,0,충남,홍성군,차대차,측면충돌,중앙선 침범,교차로,교차로부근,농기계,승용차,126.646,36.5555,충남홍성군,1,농기계승용차,0,0,0,38
2018-11-28,주간,수,2,4,2,0,0,전북,남원시,차대차,측면충돌,신호위반,교차로,교차로내,승용차,건설기계,127.3287,35.3821,전북남원시,1,승용차건설기계,0,0,0,193
2018-07-29,야간,일,1,5,3,1,0,전북,부안군,차대차,정면충돌,중앙선 침범,단일로,기타단일로,승용차,화물차,126.4799,35.6208,전북부안군,1,승용차화물차,0,1,0,185
2018-07-03,주간,화,1,6,4,1,0,전북,완주군,차량단독,공작물충돌,안전운전 의무 불이행,단일로,기타단일로,승합차,없음,127.111,35.9229,전북완주군,1,승합차없음,0,0,0,28
2018-09-26,주간,수,1,5,4,0,0,충남,당진시,차대차,기타,안전운전 의무 불이행,단일로,기타단일로,화물차,승용차,126.649,36.8618,충남당진시,1,화물차승용차,0,1,0,46
2018-12-09,주간,일,2,6,0,4,0,전북,군산시,차량단독,기타,안전운전 의무 불이행,단일로,기타단일로,승합차,없음,126.8171,35.9918,전북군산시,1,승합차없음,0,1,0,166
2018-06-26,야간,화,1,3,2,0,0,전남,순천시,차대차,측면충돌,과속,교차로,교차로내,승용차,승용차,127.5847,34.8992,전남순천시,1,승용차승용차,0,0,0,27
2018-01-17,주간,수,2,5,3,0,0,전남,완도군,차량단독,도로이탈,안전운전 의무 불이행,단일로,기타단일로,농기계,없음,126.8839,34.3665,전남완도군,1,농기계없음,0,0,0,141
2018-01-28,주간,일,1,3,2,0,0,전남,무안군,차대차,정면충돌,중앙선 침범,단일로,기타단일로,화물차,화물차,126.3382,35.0817,전남무안군,1,화물차화물차,0,1,0,101
2018-02-19,야간,월,1,6,2,3,0,대구,북구,차대차,기타,중앙선 침범,단일로,기타단일로,승용차,승용차,128.5504,35.9577,대구북구,1,승용차승용차,0,0,0,112
2018-04-22,주간,일,1,4,3,0,0,경남,고성군,차대차,측면충돌,신호위반,교차로,교차로내,승용차,화물차,128.3348,34.9752,경남고성군,1,승용차화물차,0,1,0,87
2018-11-16,주간,금,1,3,2,0,0,경남,남해군,차대차,정면충돌,중앙선 침범,단일로,기타단일로,화물차,건설기계,127.9614,34.7423,경남남해군,1,화물차건설기계,0,0,0,197
2018-01-07,야간,일,1,4,2,1,0,제주,서귀포시,차량단독,공작물충돌,안전운전 의무 불이행,교차로,교차로부근,승용차,없음,126.2998,33.2818,제주서귀포시,1,승용차없음,0,1,0,62
2018-11-05,야간,월,1,3,2,0,0,제주,서귀포시,차대차,기타,과속,단일로,기타단일로,승용차,승용차,126.5406,33.2442,제주서귀포시,1,승용차승용차,0,0,0,62
2018-08-09,주간,목,1,5,0,4,0,대구,수성구,차대차,측면충돌,신호위반,교차로,교차로내,승용차,이륜차,128.6331,35.8246,대구수성구,1,승용차이륜차,0,0,0,37
2018-05-09,야간,수,1,7,1,5,0,경기,안산시,차대차,추돌,안전운전 의무 불이행,단일로,기타단일로,화물차,승용차,126.8233,37.3497,경기안산시,1,화물차승용차,0,0,0,2
2018-10-12,야간,금,1,4,2,1,0,광주,서구,차대차,측면충돌,신호위반,교차로,교차로내,승용차,승용차,126.9069,35.1512,광주서구,1,승용차승용차,0,0,0,222
2018-02-13,주간,화,1,3,2,0,0,대전,동구,차량단독,도로이탈,과속,단일로,기타단일로,승용차,없음,127.4802,36.2601,대전동구,1,승용차없음,0,0,0,80
2018-12-08,야간,토,1,4,0,3,0,대전,서구,차대차,추돌,안전운전 의무 불이행,교차로,교차로부근,승용차,승용차,127.383,36.3489,대전서구,1,승용차승용차,0,1,0,4
2018-01-21,야간,일,2,3,1,0,0,울산,울주군,차량단독,공작물충돌,과속,단일로,기타단일로,승용차,없음,129.1157,35.5646,울산울주군,1,승용차없음,0,1,0,17
2018-05-10,주간,목,1,3,2,0,0,경기,동두천시,차대차,측면충돌,과속,교차로,교차로내,승용차,화물차,127.0558,37.9389,경기동두천시,1,승용차화물차,0,0,0,94
2018-05-30,주간,수,1,3,2,0,0,경기,구리시,차대차,측면충돌,신호위반,교차로,교차로부근,승용차,이륜차,127.1343,37.5877,경기구리시,1,승용차이륜차,0,0,0,165
2018-07-12,주간,목,2,8,1,3,2,서울,광진구,차대사람,길가장자리구역통행중,안전운전 의무 불이행,단일로,기타단일로,승용차,보행자,127.0922,37.552,서울광진구,1,승용차보행자,0,0,0,183
2018-11-05,주간,월,1,4,2,1,0,서울,강남구,차대차,정면충돌,신호위반,교차로,교차로내,승용차,승용차,127.0281,37.5201,서울강남구,1,승용차승용차,0,0,0,89
2018-07-16,주간,월,2,3,0,1,0,부산,강서구,차대차,측면충돌,중앙선 침범,교차로,교차로부근,특수차,특수차,128.8348,35.0741,부산강서구,1,특수차특수차,0,0,0,206
2018-06-08,주간,금,1,5,1,2,1,경기,수원시,차대차,기타,안전운전 의무 불이행,단일로,기타단일로,화물차,승합차,127.0023,37.3059,경기수원시,1,화물차승합차,0,0,0,99
2018-10-18,주간,목,1,5,4,0,0,경기,성남시,차량단독,전도,안전운전 의무 불이행,단일로,기타단일로,승합차,없음,127.1037,37.4394,경기성남시,1,승합차없음,0,0,0,95
2018-09-09,야간,일,1,5,0,4,0,경기,평택시,차대차,기타,과속,교차로,교차로내,승용차,승합차,127.0298,37.0161,경기평택시,1,승용차승합차,0,1,0,14
2018-01-11,야간,목,1,3,2,0,0,경기,안성시,차대차,기타,안전운전 의무 불이행,단일로,기타단일로,승용차,화물차,127.2682,36.9698,경기안성시,1,승용차화물차,0,0,0,23
2018-03-13,야간,화,1,4,3,0,0,강원,강릉시,차대차,기타,안전운전 의무 불이행,교차로,교차로내,승용차,화물차,128.8744,37.8323,강원강릉시,1,승용차화물차,0,0,0,194
2018-09-08,주간,토,1,5,4,0,0,강원,고성군,차량단독,공작물충돌,안전운전 의무 불이행,단일로,기타단일로,화물차,없음,128.4104,38.4456,강원고성군,1,화물차없음,0,1,0,217
2018-04-28,주간,토,1,5,0,4,0,경기,이천시,차대차,추돌,안전운전 의무 불이행,단일로,기타단일로,화물차,화물차,127.4201,37.25,경기이천시,1,화물차화물차,0,1,0,41
2018-01-25,야간,목,1,3,2,0,0,경기,이천시,차대차,기타,안전운전 의무 불이행,단일로,기타단일로,승합차,승용차,127.4251,37.2417,경기이천시,1,승합차승용차,0,0,0,41
2018-11-08,주간,목,1,6,4,1,0,충남,서천군,차량단독,도로이탈,안전운전 의무 불이행,단일로,기타단일로,승합차,없음,126.646,36.1286,충남서천군,1,승합차없음,0,0,0,10
2018-12-03,야간,월,1,4,0,3,0,충남,천안시,차대차,추돌,안전운전 의무 불이행,단일로,기타단일로,승용차,승용차,127.1753,36.9639,충남천안시,1,승용차승용차,0,0,0,63
2018-01-31,주간,수,1,3,2,0,0,전북,군산시,차대차,정면충돌,중앙선 침범,교차로,교차로부근,승용차,승용차,126.7592,36.0117,전북군산시,1,승용차승용차,0,0,0,166
2018-11-13,주간,화,1,5,1,3,0,전북,완주군,차대차,측면충돌,신호위반,교차로,교차로내,승용차,승용차,127.2734,35.8423,전북완주군,1,승용차승용차,0,0,0,28
2018-03-28,주간,수,1,3,2,0,0,전남,여수시,차대사람,보도통행중,중앙선 침범,교차로,교차로부근,승합차,보행자,127.6537,34.7542,전남여수시,1,승합차보행자,0,0,0,102
2018-09-02,야간,일,3,3,0,0,0,전남,순천시,차대차,추돌,과속,단일로,기타단일로,승용차,원동기장치자전거,127.4857,34.9112,전남순천시,1,승용차원동기장치자전거,0,1,0,27
2018-11-21,야간,수,1,4,2,1,0,전남,영암군,차대차,추돌,안전운전 의무 불이행,단일로,기타단일로,승용차,화물차,126.5689,34.7255,전남영암군,1,승용차화물차,0,0,0,16
2018-05-20,주간,일,2,3,0,1,0,전남,무안군,차대차,정면충돌,중앙선 침범,단일로,기타단일로,승용차,건설기계,126.3472,35.0687,전남무안군,1,승용차건설기계,0,1,0,101
2018-07-20,주간,금,1,5,2,2,0,경북,포항시,차대차,추돌,안전운전 의무 불이행,교차로,교차로부근,승용차,승합차,129.4139,35.9436,경북포항시,1,승용차승합차,0,0,0,160
2018-04-14,주간,토,1,5,2,2,0,경남,김해시,차대차,측면충돌,중앙선 침범,교차로,교차로부근,승용차,승용차,128.8286,35.2058,경남김해시,1,승용차승용차,0,1,0,13
2018-04-29,야간,일,1,7,0,6,0,대구,북구,차대사람,차도통행중,과속,단일로,기타단일로,승용차,보행자,128.5473,35.906,대구북구,1,승용차보행자,0,1,0,112
2018-02-01,야간,목,1,4,0,3,0,광주,광산구,차대차,기타,안전운전 의무 불이행,단일로,기타단일로,승용차,승용차,126.8186,35.1626,광주광산구,1,승용차승용차,0,0,0,135
2018-09-02,주간,일,1,5,0,4,0,대전,동구,차대차,추돌,안전운전 의무 불이행,단일로,지하차도(도로)내,승용차,농기계,127.4652,36.3185,대전동구,1,승용차농기계,0,1,0,80
2018-02-23,야간,금,1,6,0,5,0,서울,강북구,차대차,정면충돌,중앙선 침범,단일로,기타단일로,승용차,승합차,127.0243,37.6314,서울강북구,1,승용차승합차,0,0,0,200
2018-09-03,주간,월,1,3,2,0,0,서울,영등포구,차대사람,보도통행중,기타(운전자법규위반),단일로,기타단일로,승용차,보행자,126.9053,37.5216,서울영등포구,1,승용차보행자,0,0,0,150
2018-06-18,주간,월,1,6,4,1,0,울산,울주군,차대차,추돌,안전거리 미확보,단일로,기타단일로,특수차,승용차,129.2833,35.4701,울산울주군,1,특수차승용차,0,0,0,17
2018-08-27,야간,월,1,7,3,3,0,경남,양산시,차대차,측면충돌,안전운전 의무 불이행,단일로,기타단일로,승합차,화물차,129.0513,35.3778,경남양산시,1,승합차화물차,0,0,0,49
2018-04-23,야간,월,1,6,3,2,0,경남,김해시,차대차,측면충돌,안전운전 의무 불이행,단일로,기타단일로,승용차,승용차,128.9073,35.3597,경남김해시,1,승용차승용차,0,0,0,13
2018-06-25,주간,월,1,4,3,0,0,경기,광명시,차대차,추돌,안전운전 의무 불이행,교차로,교차로부근,승합차,승용차,126.8883,37.4525,경기광명시,1,승합차승용차,0,0,0,81
2018-08-20,야간,월,2,6,2,1,1,강원,고성군,차대차,정면충돌,중앙선 침범,단일로,기타단일로,승용차,승용차,128.472,38.2124,강원고성군,1,승용차승용차,0,0,0,217
2018-12-04,야간,화,1,9,0,7,1,충북,제천시,차대차,측면충돌,안전운전 의무 불이행,단일로,기타단일로,승용차,승합차,128.1999,37.1316,충북제천시,1,승용차승합차,0,0,0,103
2018-08-10,야간,금,1,3,2,0,0,충북,제천시,차대차,정면충돌,과속,교차로,교차로부근,승용차,화물차,128.2342,37.1141,충북제천시,1,승용차화물차,0,0,0,103
2018-10-20,야간,토,1,3,2,0,0,충북,보은군,차대차,추돌,안전운전 의무 불이행,단일로,기타단일로,승용차,화물차,127.6086,36.4868,충북보은군,1,승용차화물차,0,1,0,32
2018-04-14,주간,토,3,5,0,2,0,충남,예산군,차대차,측면충돌,중앙선 침범,교차로,교차로부근,승용차,승용차,126.7707,36.5369,충남예산군,1,승용차승용차,0,1,0,187
2018-07-08,주간,일,1,3,2,0,0,충남,금산군,차량단독,공작물충돌,안전운전 의무 불이행,단일로,기타단일로,승용차,없음,127.3785,36.2064,충남금산군,1,승용차없음,0,1,0,68
2018-02-07,주간,수,1,7,0,6,0,전북,김제시,차대차,추돌,안전운전 의무 불이행,단일로,기타단일로,승용차,승용차,127.0638,35.7911,전북김제시,1,승용차승용차,0,0,0,34
2018-05-12,주간,토,2,5,3,0,0,전북,김제시,차대차,정면충돌,중앙선 침범,단일로,기타단일로,승용차,화물차,126.9105,35.7863,전북김제시,1,승용차화물차,0,1,0,34
2018-05-11,야간,금,1,5,1,3,0,전남,목포시,차대차,기타,신호위반,교차로,교차로내,원동기장치자전거,승용차,126.4329,34.8098,전남목포시,1,원동기장치자전거승용차,0,0,0,153
2018-08-20,주간,월,1,4,2,1,0,전남,나주시,차대차,정면충돌,중앙선 침범,단일로,기타단일로,승용차,화물차,126.8308,34.978,전남나주시,1,승용차화물차,0,0,0,33
2018-01-31,주간,수,1,3,2,0,0,전남,장흥군,차대차,정면충돌,중앙선 침범,단일로,기타단일로,기타,승용차,126.9466,34.4821,전남장흥군,1,기타승용차,0,0,0,56
2018-03-31,주간,토,1,6,1,4,0,전남,장흥군,차대차,정면충돌,과속,교차로,교차로내,승용차,승용차,126.9265,34.6781,전남장흥군,1,승용차승용차,0,1,0,56
2018-05-11,주간,금,2,4,2,0,0,전남,강진군,차대차,정면충돌,중앙선 침범,단일로,기타단일로,승용차,승합차,126.7922,34.5283,전남강진군,1,승용차승합차,0,0,0,121
2018-08-23,주간,목,2,3,1,0,0,전남,담양군,차대차,정면충돌,중앙선 침범,교차로,교차로부근,화물차,화물차,127.0584,35.2602,전남담양군,1,화물차화물차,0,0,0,181
2018-09-30,주간,일,1,4,1,2,0,경북,경주시,차대차,추돌,안전운전 의무 불이행,단일로,기타단일로,이륜차,승용차,129.2031,35.7943,경북경주시,1,이륜차승용차,0,1,0,100
2018-09-21,주간,금,2,3,1,0,0,경북,경주시,차대차,측면충돌,안전운전 의무 불이행,교차로,교차로내,승용차,화물차,129.2601,35.8067,경북경주시,1,승용차화물차,0,0,0,100
2018-03-25,야간,일,2,3,1,0,0,경북,포항시,차량단독,공작물충돌,안전운전 의무 불이행,단일로,교량위,승용차,없음,129.3462,36.1225,경북포항시,1,승용차없음,0,1,0,160
2018-08-21,야간,화,1,5,0,4,0,대구,달성군,차대차,추돌,안전운전 의무 불이행,단일로,기타단일로,화물차,화물차,128.4443,35.6394,대구달성군,1,화물차화물차,0,0,0,30
2018-07-13,야간,금,2,3,1,0,0,제주,서귀포시,차량단독,기타,안전운전 의무 불이행,교차로,교차로부근,승용차,없음,126.6657,33.2778,제주서귀포시,1,승용차없음,0,0,0,62
2018-06-07,주간,목,1,4,0,3,0,대전,대덕구,차대차,추돌,안전운전 의무 불이행,단일로,기타단일로,화물차,건설기계,127.4122,36.3816,대전대덕구,1,화물차건설기계,0,0,0,77
2018-06-23,야간,토,1,4,3,0,0,경기,의정부시,차대차,정면충돌,중앙선 침범,단일로,기타단일로,승용차,승용차,127.0097,37.7367,경기의정부시,1,승용차승용차,0,1,0,64
2018-07-08,야간,일,1,6,0,5,0,경기,양주시,차대차,측면충돌,중앙선 침범,단일로,기타단일로,승용차,승용차,127.0512,37.8247,경기양주시,1,승용차승용차,0,1,0,59
2018-12-01,야간,토,1,3,2,0,0,경기,양주시,차대차,정면충돌,중앙선 침범,단일로,기타단일로,승용차,승용차,126.9491,37.7276,경기양주시,1,승용차승용차,0,1,0,59
2018-12-28,야간,금,2,5,1,2,0,경기,구리시,차대차,정면충돌,중앙선 침범,단일로,기타단일로,승용차,승용차,127.1371,37.5974,경기구리시,1,승용차승용차,0,0,0,165
2018-11-15,야간,목,1,4,0,3,0,서울,구로구,차량단독,공작물충돌,안전운전 의무 불이행,교차로,교차로부근,승용차,없음,126.8418,37.4997,서울구로구,1,승용차없음,0,0,0,79
2018-06-13,야간,수,1,4,1,2,0,부산,부산진구,차대차,기타,신호위반,교차로,교차로내,이륜차,승용차,129.0655,35.1495,부산부산진구,1,이륜차승용차,0,1,0,163
2018-03-03,야간,토,1,5,2,2,0,부산,금정구,차대차,정면충돌,중앙선 침범,단일로,기타단일로,승용차,승용차,129.1079,35.2459,부산금정구,1,승용차승용차,0,1,0,96
2018-09-03,주간,월,1,4,2,1,0,경기,양평군,차대차,정면충돌,중앙선 침범,단일로,기타단일로,승용차,승용차,127.3284,37.5623,경기양평군,1,승용차승용차,0,0,0,48
2018-12-26,주간,수,1,3,2,0,0,충북,제천시,차대차,측면충돌,중앙선 침범,단일로,기타단일로,승용차,승용차,128.0861,36.9165,충북제천시,1,승용차승용차,0,0,0,103
2018-04-12,주간,목,1,4,1,2,0,충북,진천군,차대차,기타,안전거리 미확보,교차로,교차로부근,승용차,승용차,127.5109,36.7693,충북진천군,1,승용차승용차,0,0,0,60
2018-09-16,야간,일,1,5,3,1,0,충북,청주시,차대차,측면충돌,신호위반,교차로,교차로내,승용차,승용차,127.4232,36.6891,충북청주시,1,승용차승용차,0,1,0,83
2018-04-04,주간,수,1,12,0,1,10,충남,서산시,차대차,측면충돌,교차로 통행방법 위반,교차로,교차로내,승합차,화물차,126.5342,36.6597,충남서산시,1,승합차화물차,0,0,0,69
2018-07-28,야간,토,2,3,1,0,0,충남,천안시,차대차,정면충돌,중앙선 침범,단일로,기타단일로,승용차,승용차,127.1064,36.9263,충남천안시,1,승용차승용차,0,1,0,63
2018-03-31,야간,토,2,3,1,0,0,충남,부여군,차량단독,도로이탈,과속,단일로,기타단일로,승용차,없음,126.865,36.1075,충남부여군,1,승용차없음,0,1,0,129
2018-03-21,주간,수,1,4,1,2,0,대전,동구,차량단독,기타,안전운전 의무 불이행,단일로,기타단일로,승용차,없음,127.4605,36.2911,대전동구,1,승용차없음,0,0,0,80
2018-06-01,야간,금,1,4,2,1,0,전북,정읍시,차대차,정면충돌,중앙선 침범,단일로,기타단일로,승용차,승용차,126.8754,35.5407,전북정읍시,1,승용차승용차,0,0,0,12
2018-02-23,주간,금,1,4,1,2,0,전북,진안군,차대차,측면충돌,안전운전 의무 불이행,단일로,기타단일로,승용차,승용차,127.4054,35.843,전북진안군,1,승용차승용차,0,0,0,192
2018-01-12,야간,금,1,4,1,1,1,충남,당진시,차대차,추돌,안전운전 의무 불이행,단일로,기타단일로,승용차,건설기계,126.6433,36.8608,충남당진시,1,승용차건설기계,0,0,0,46
2018-06-25,주간,월,2,3,1,0,0,전남,고흥군,차대차,정면충돌,중앙선 침범,단일로,기타단일로,승용차,화물차,127.2236,34.5301,전남고흥군,1,승용차화물차,0,0,0,191
2018-10-11,주간,목,1,3,2,0,0,경북,의성군,차대차,정면충돌,중앙선 침범,기타,기타,이륜차,승용차,128.6758,36.2205,경북의성군,1,이륜차승용차,0,0,0,105
2018-01-11,야간,목,1,4,1,2,0,경북,경산시,차대차,기타,안전운전 의무 불이행,단일로,기타단일로,승용차,승용차,128.8313,35.8748,경북경산시,1,승용차승용차,0,0,0,52
2018-11-25,주간,일,1,3,2,0,0,경북,예천군,차대차,측면충돌,안전운전 의무 불이행,교차로,교차로내,화물차,화물차,128.4226,36.6825,경북예천군,1,화물차화물차,0,1,0,55
2018-05-19,야간,토,2,4,0,2,0,경북,구미시,차대사람,횡단중,안전운전 의무 불이행,단일로,기타단일로,승합차,보행자,128.3557,36.1214,경북구미시,1,승합차보행자,0,1,0,144
2018-07-13,야간,금,1,6,0,4,1,대구,달성군,차대차,기타,기타(운전자법규위반),단일로,기타단일로,기타,화물차,128.4639,35.9372,대구달성군,1,기타화물차,0,0,0,30
2018-06-17,야간,일,1,4,1,2,0,경북,고령군,차량단독,기타,안전운전 의무 불이행,단일로,기타단일로,승용차,없음,128.2852,35.7115,경북고령군,1,승용차없음,0,1,0,220
2018-04-20,주간,금,1,6,2,3,0,경북,구미시,차대차,추돌,안전운전 의무 불이행,단일로,기타단일로,화물차,승용차,128.2576,36.2674,경북구미시,1,화물차승용차,0,0,0,144
2018-08-04,주간,토,1,4,0,3,0,경남,창녕군,차량단독,공작물충돌,안전운전 의무 불이행,단일로,기타단일로,승용차,없음,128.5377,35.4953,경남창녕군,1,승용차없음,0,1,0,211
2018-09-02,주간,일,2,6,0,4,0,경남,함안군,차대차,추돌,안전운전 의무 불이행,단일로,기타단일로,특수차,승용차,128.503,35.2904,경남함안군,1,특수차승용차,0,1,0,117
2018-08-19,주간,일,2,5,0,3,0,인천,계양구,차대차,정면충돌,안전운전 의무 불이행,교차로,교차로내,승용차,이륜차,126.7435,37.5256,인천계양구,1,승용차이륜차,0,1,0,7
2018-04-24,야간,화,1,5,0,4,0,경기,남양주시,차대차,추돌,안전운전 의무 불이행,교차로,교차로부근,화물차,승용차,127.1619,37.6983,경기남양주시,1,화물차승용차,0,0,0,70
2018-12-29,주간,토,1,3,2,0,0,서울,중구,차대차,추돌,과속,단일로,터널안,승용차,건설기계,126.9983,37.547,서울중구,1,승용차건설기계,0,1,0,8
2018-05-07,주간,월,1,5,4,0,0,부산,기장군,차량단독,공작물충돌,과속,교차로,교차로내,승용차,없음,129.2044,35.2533,부산기장군,1,승용차없음,0,1,0,85
2018-06-26,주간,화,1,3,2,0,0,경기,안성시,차대차,정면충돌,중앙선 침범,단일로,기타단일로,승용차,승용차,127.31,36.9607,경기안성시,1,승용차승용차,0,0,0,23
2018-12-15,주간,토,1,4,1,2,0,경기,용인시,차대차,기타,안전운전 의무 불이행,단일로,기타단일로,화물차,승용차,127.1151,37.2336,경기용인시,1,화물차승용차,0,1,0,51
2018-02-24,주간,토,1,3,2,0,0,경기,오산시,차대차,추돌,안전운전 의무 불이행,단일로,기타단일로,승용차,승합차,127.0648,37.1552,경기오산시,1,승용차승합차,0,1,0,143
2018-05-04,주간,금,1,4,1,2,0,경기,하남시,차대차,기타,안전운전 의무 불이행,단일로,기타단일로,승용차,승용차,127.2103,37.5387,경기하남시,1,승용차승용차,0,0,0,67
2018-04-24,야간,화,1,4,3,0,0,강원,춘천시,차대차,측면충돌,차로위반(진로변경 위반),단일로,교량위,화물차,승용차,127.7651,37.8733,강원춘천시,1,화물차승용차,0,0,0,111
2018-05-31,야간,목,1,3,2,0,0,강원,강릉시,차대차,정면충돌,중앙선 침범,단일로,기타단일로,승용차,승용차,128.9266,37.7739,강원강릉시,1,승용차승용차,0,0,0,194
2018-03-09,주간,금,1,4,3,0,0,강원,홍천군,차량단독,공작물충돌,안전운전 의무 불이행,단일로,기타단일로,승용차,없음,127.7504,37.5998,강원홍천군,1,승용차없음,0,0,0,82
2018-02-10,야간,토,1,5,0,4,0,충북,청주시,차대차,정면충돌,중앙선 침범,단일로,지하차도(도로)내,승용차,승합차,127.3232,36.5879,충북청주시,1,승용차승합차,0,1,0,83
2018-12-27,야간,목,1,5,4,0,0,충북,청주시,차대차,측면충돌,신호위반,교차로,교차로내,승용차,승용차,127.4986,36.5123,충북청주시,1,승용차승용차,0,0,0,83
2018-04-29,야간,일,1,4,0,3,0,충북,청주시,차대차,추돌,안전운전 의무 불이행,교차로,교차로부근,화물차,화물차,127.672,36.6157,충북청주시,1,화물차화물차,0,1,0,83
2018-01-14,주간,일,1,4,3,0,0,충남,서산시,차대차,추돌,안전운전 의무 불이행,단일로,기타단일로,승용차,승용차,126.4286,36.9696,충남서산시,1,승용차승용차,0,1,0,69
2018-03-22,주간,목,1,3,2,0,0,충남,서산시,차대차,측면충돌,중앙선 침범,단일로,기타단일로,화물차,승용차,126.4415,36.9089,충남서산시,1,화물차승용차,0,0,0,69
2018-11-22,주간,목,1,7,2,4,0,충남,예산군,차대차,측면충돌,안전운전 의무 불이행,단일로,교량위,화물차,화물차,126.8806,36.6401,충남예산군,1,화물차화물차,0,0,0,187
2018-09-15,주간,토,1,6,1,4,0,충남,예산군,차대차,추돌,안전운전 의무 불이행,교차로,교차로부근,승용차,승용차,126.6322,36.6852,충남예산군,1,승용차승용차,0,1,0,187
2018-08-18,주간,토,1,5,2,2,0,충남,당진시,차대차,측면충돌,교차로 통행방법 위반,교차로,교차로내,승용차,승합차,126.7954,36.8298,충남당진시,1,승용차승합차,0,1,0,46
2018-02-23,주간,금,1,4,3,0,0,충남,태안군,차대차,측면충돌,신호위반,교차로,교차로내,화물차,승합차,126.3029,36.7484,충남태안군,1,화물차승합차,0,0,0,169
2018-01-14,주간,일,2,4,0,2,0,전북,전주시,차대차,측면충돌,신호위반,교차로,교차로내,승합차,승용차,127.1071,35.8351,전북전주시,1,승합차승용차,0,1,0,11
2018-08-27,야간,월,1,5,2,2,0,전북,정읍시,차대차,측면충돌,직진 및 우회전차의 통행방해,교차로,교차로내,승용차,승용차,126.8351,35.5741,전북정읍시,1,승용차승용차,0,0,0,12
2018-07-06,주간,금,1,3,2,0,0,전북,김제시,차대차,추돌,과속,단일로,기타단일로,승용차,승용차,126.9753,35.8846,전북김제시,1,승용차승용차,0,0,0,34
2018-03-18,주간,일,1,4,3,0,0,전북,완주군,차대차,정면충돌,중앙선 침범,단일로,기타단일로,화물차,승용차,127.2242,35.7375,전북완주군,1,화물차승용차,0,1,0,28
2018-11-22,주간,목,1,4,3,0,0,전북,완주군,차대차,정면충돌,중앙선 침범,단일로,기타단일로,승용차,화물차,127.2928,36.0863,전북완주군,1,승용차화물차,0,0,0,28
2018-09-12,주간,수,1,3,2,0,0,전남,화순군,차대차,측면충돌,신호위반,교차로,교차로내,승용차,승용차,126.9724,35.0512,전남화순군,1,승용차승용차,0,0,0,88
2018-02-25,주간,일,2,4,2,0,0,경북,경주시,차대차,정면충돌,중앙선 침범,단일로,기타단일로,승용차,승용차,129.5024,35.812,경북경주시,1,승용차승용차,0,1,0,100
2018-08-30,주간,목,1,3,2,0,0,경북,구미시,차대차,정면충돌,교차로 통행방법 위반,교차로,교차로내,화물차,화물차,128.171,36.2653,경북구미시,1,화물차화물차,0,0,0,144