발생년월일,주야,요일,사망자수,사상자수,중상자수,경상자수,부상신고자수,발생지시도,발생지시군구,사고유형_대분류,사고유형_중분류,법규위반,도로형태_대분류,도로형태,당사자종별_1당_대분류,당사자종별_2당_대분류,경도,위도,발생지,사고피해정도,사고차량타입,도시여부,주말/공휴일,인구수,발생지번호
2018-07-10,주간,화,2,3,0,1,0,경남,김해시,차대차,추돌,안전운전 의무 불이행,교차로,교차로부근,이륜차,화물차,128.8254,35.2782,경남김해시,1,이륜차화물차,0,0,0,13
2018-05-11,주간,금,1,4,2,0,1,대구,수성구,차대차,측면충돌,과속,교차로,교차로내,승용차,승용차,128.6801,35.8292,대구수성구,1,승용차승용차,0,0,0,37
2018-03-01,야간,목,3,3,0,0,0,대구,수성구,차대차,기타,과속,단일로,기타단일로,승용차,원동기장치자전거,128.6305,35.8588,대구수성구,1,승용차원동기장치자전거,0,1,0,37
2018-12-31,주간,월,1,5,2,2,0,대구,달서구,차대차,정면충돌,중앙선 침범,교차로,교차로부근,승용차,승용차,128.4919,35.851,대구달서구,1,승용차승용차,0,0,0,20
2018-10-19,주간,금,2,3,0,1,0,인천,연수구,차대차,추돌,안전운전 의무 불이행,교차로,교차로부근,승용차,화물차,126.6374,37.3475,인천연수구,1,승용차화물차,0,0,0,35
2018-04-14,야간,토,1,4,0,3,0,광주,서구,차대사람,횡단중,과속,교차로,교차로부근,승용차,보행자,126.8748,35.1424,광주서구,1,승용차보행자,0,1,0,222
2018-07-26,주간,목,2,3,0,1,0,경기,남양주시,차대차,기타,중앙선 침범,단일로,기타단일로,이륜차,화물차,127.128,37.7186,경기남양주시,1,이륜차화물차,0,0,0,70
2018-02-16,주간,금,1,4,1,1,1,경기,파주시,차대차,추돌,안전운전 의무 불이행,단일로,기타단일로,승용차,건설기계,126.7551,37.8196,경기파주시,1,승용차건설기계,0,1,0,175
2018-08-27,야간,월,2,4,2,0,0,경기,구리시,차대차,추돌,과속,단일로,기타단일로,승용차,승합차,127.1562,37.5793,경기구리시,1,승용차승합차,0,0,0,165
2018-06-28,야간,목,1,3,2,0,0,서울,강서구,차대차,기타,신호위반,교차로,교차로내,이륜차,승용차,126.8444,37.5579,서울강서구,1,이륜차승용차,0,0,0,43
2018-05-27,주간,일,1,4,1,2,0,부산,해운대구,차대차,측면충돌,안전운전 의무 불이행,교차로,교차로내,승용차,승용차,129.1175,35.2039,부산해운대구,1,승용차승용차,0,1,0,1
2018-02-22,야간,목,1,6,1,4,0,부산,사상구,차대차,추돌,안전운전 의무 불이행,교차로,교차로부근,이륜차,화물차,128.9942,35.15,부산사상구,1,이륜차화물차,0,0,0,120
2018-04-29,야간,일,1,5,2,2,0,경기,화성시,차대차,측면충돌,안전운전 의무 불이행,교차로,교차로내,승용차,승합차,127.0382,37.2083,경기화성시,1,승용차승합차,0,1,0,50
2018-03-06,야간,화,1,4,1,1,1,경기,성남시,차대차,기타,안전거리 미확보,단일로,기타단일로,승용차,승용차,127.0404,37.4633,경기성남시,1,승용차승용차,0,0,0,95
2018-01-01,야간,월,1,3,2,0,0,경기,화성시,차량단독,공작물충돌,안전운전 의무 불이행,단일로,기타단일로,승용차,없음,126.9506,37.2473,경기화성시,1,승용차없음,0,1,0,50
2018-08-22,야간,수,1,3,2,0,0,경기,부천시,차대차,추돌,안전운전 의무 불이행,교차로,교차로부근,건설기계,승용차,126.7628,37.5399,경기부천시,1,건설기계승용차,0,0,0,65
2018-07-25,주간,수,2,3,1,0,0,강원,영월군,차대차,정면충돌,중앙선 침범,단일로,교량위,승용차,승용차,128.5469,37.119,강원영월군,1,승용차승용차,0,0,0,114
2018-04-04,야간,수,1,3,2,0,0,강원,횡성군,차대사람,횡단중,안전운전 의무 불이행,단일로,기타단일로,승합차,보행자,127.9839,37.4903,강원횡성군,1,승합차보행자,0,0,0,31
2018-10-18,야간,목,1,4,0,3,0,충북,청주시,차대차,추돌,안전운전 의무 불이행,단일로,기타단일로,승합차,승용차,127.553,36.7278,충북청주시,1,승합차승용차,0,0,0,83
2018-02-20,주간,화,1,3,2,0,0,충북,괴산군,차대차,추돌,차로위반(진로변경 위반),단일로,교량위,화물차,승용차,127.7321,36.8004,충북괴산군,1,화물차승용차,0,0,0,179
2018-09-13,야간,목,1,3,2,0,0,충북,음성군,차대차,추돌,과속,교차로,교차로부근,화물차,화물차,127.5537,36.9799,충북음성군,1,화물차화물차,0,0,0,110
2018-06-04,야간,월,1,4,2,0,1,충북,청주시,차대차,측면충돌,신호위반,교차로,교차로내,승용차,화물차,127.416,36.6922,충북청주시,1,승용차화물차,0,0,0,83
2018-02-13,야간,화,1,3,2,0,0,충북,괴산군,차대차,추돌,안전운전 의무 불이행,단일로,기타단일로,특수차,화물차,127.9622,36.8235,충북괴산군,1,특수차화물차,0,0,0,179
2018-11-16,주간,금,1,3,2,0,0,충북,괴산군,차대차,추돌,안전운전 의무 불이행,단일로,기타단일로,특수차,승용차,127.9925,36.759,충북괴산군,1,특수차승용차,0,0,0,179
2018-05-15,야간,화,1,5,4,0,0,충남,아산시,차대차,기타,안전운전 의무 불이행,교차로,교차로부근,승용차,승합차,126.9175,36.7618,충남아산시,1,승용차승합차,0,0,0,53
2018-05-27,주간,일,1,3,2,0,0,충남,공주시,차대차,정면충돌,중앙선 침범,단일로,기타단일로,승용차,승용차,126.975,36.6395,충남공주시,1,승용차승용차,0,1,0,19
2018-03-07,주간,수,2,4,1,1,0,세종,세종,차대차,정면충돌,중앙선 침범,단일로,기타단일로,승용차,승용차,127.2013,36.5038,세종세종,1,승용차승용차,1,0,0,229
2018-12-22,주간,토,1,3,2,0,0,충남,논산시,차대차,기타,안전운전 의무 불이행,단일로,기타단일로,승합차,승용차,127.1775,36.1602,충남논산시,1,승합차승용차,0,1,0,61
2018-08-04,주간,토,1,5,0,4,0,전북,남원시,차대차,정면충돌,중앙선 침범,단일로,기타단일로,승용차,승용차,127.6156,35.4315,전북남원시,1,승용차승용차,0,1,0,193
2018-01-27,주간,토,1,6,2,3,0,전북,무주군,차대차,추돌,과속,단일로,기타단일로,화물차,화물차,127.6469,35.8642,전북무주군,1,화물차화물차,0,1,0,182
2018-08-25,야간,토,1,4,1,2,0,전남,완도군,차대차,정면충돌,중앙선 침범,단일로,기타단일로,승용차,승용차,126.6733,34.3839,전남완도군,1,승용차승용차,0,1,0,141
2018-07-18,야간,수,1,3,2,0,0,경북,경주시,차대차,정면충돌,중앙선 침범,단일로,기타단일로,승용차,승합차,129.4922,35.7937,경북경주시,1,승용차승합차,0,0,0,100
2018-12-26,주간,수,1,4,3,0,0,경북,경주시,차대차,정면충돌,중앙선 침범,단일로,터널안,화물차,승용차,129.4599,35.7223,경북경주시,1,화물차승용차,0,0,0,100
2018-02-01,야간,목,3,4,1,0,0,경북,울진군,차대차,정면충돌,중앙선 침범,단일로,기타단일로,승용차,승용차,129.3772,37.073,경북울진군,1,승용차승용차,0,0,0,208
2018-12-06,주간,목,1,3,2,0,0,경북,구미시,차대차,기타,안전운전 의무 불이행,단일로,기타단일로,화물차,건설기계,128.3468,36.2426,경북구미시,1,화물차건설기계,0,0,0,144
2018-03-31,주간,토,1,7,2,4,0,경남,창녕군,차대차,정면충돌,중앙선 침범,단일로,기타단일로,승용차,승합차,128.5189,35.4636,경남창녕군,1,승용차승합차,0,1,0,211
2018-06-14,주간,목,1,3,2,0,0,경남,양산시,차대차,추돌,안전운전 의무 불이행,단일로,기타단일로,승용차,승용차,129.0356,35.349,경남양산시,1,승용차승용차,0,0,0,49
2018-07-23,야간,월,1,4,1,2,0,경남,창원시(통합),차대차,추돌,안전운전 의무 불이행,교차로,교차로부근,화물차,승합차,128.6949,35.1909,경남창원시(통합),1,화물차승합차,0,0,0,86
2018-07-10,주간,화,1,6,2,3,0,인천,남구,차대차,추돌,안전거리 미확보,단일로,기타단일로,화물차,승합차,126.6591,37.4379,인천남동구,1,화물차승합차,0,0,0,29
2018-02-12,주간,월,1,6,4,1,0,경기,안산시,차대차,측면충돌,중앙선 침범,단일로,교량위,승용차,승용차,126.8439,37.3501,경기안산시,1,승용차승용차,0,0,0,2
2018-07-12,야간,목,1,4,0,3,0,광주,서구,차대차,기타,신호위반,교차로,교차로내,이륜차,승용차,126.8484,35.1588,광주서구,1,이륜차승용차,0,0,0,222
2018-01-17,주간,수,1,4,1,2,0,광주,광산구,차대차,정면충돌,신호위반,교차로,교차로내,승용차,승용차,126.8117,35.144,광주광산구,1,승용차승용차,0,0,0,135
2018-10-24,주간,수,1,5,0,3,1,대전,서구,차대차,기타,안전거리 미확보,단일로,기타단일로,승용차,승용차,127.3805,36.3442,대전서구,1,승용차승용차,0,0,0,4
2017-01-01,주간,일,1,5,3,1,0,광주,북구,차량단독,도로이탈,안전운전 의무 불이행,단일로,교량위,화물차,없음,126.8674,35.2266,광주북구,1,화물차없음,0,1,0,137
2017-01-02,주간,월,1,5,0,4,0,서울,금천구,차대차,측면충돌,신호위반,교차로,교차로내,승용차,승합차,126.9035,37.444,서울금천구,1,승용차승합차,0,0,0,109
2017-01-03,주간,화,2,4,0,0,2,부산,강서구,차대차,측면충돌,안전거리 미확보,단일로,기타단일로,화물차,승용차,128.8842,35.1549,부산강서구,1,화물차승용차,0,0,0,206
2017-01-05,주간,목,1,4,0,3,0,경기,오산시,차대차,측면충돌,신호위반,교차로,교차로내,승용차,화물차,127.0778,37.1369,경기오산시,1,승용차화물차,0,0,0,143
2017-01-09,주간,월,1,4,0,3,0,울산,북구,차대차,추돌,안전운전 의무 불이행,단일로,기타단일로,화물차,승용차,129.3843,35.5458,울산북구,1,화물차승용차,0,0,0,158
2017-01-09,주간,월,1,3,2,0,0,경기,파주시,차대차,측면충돌,신호위반,교차로,교차로내,화물차,화물차,126.9237,37.969,경기파주시,1,화물차화물차,0,0,0,175
2017-01-11,주간,수,1,4,1,2,0,충남,서천군,차대사람,길가장자리구역통행중,안전운전 의무 불이행,단일로,기타단일로,승합차,보행자,126.7144,36.0996,충남서천군,1,승합차보행자,0,0,0,10
2017-01-13,야간,금,1,6,2,3,0,부산,금정구,차대차,추돌,안전거리 미확보,단일로,기타단일로,승용차,승용차,129.1097,35.241,부산금정구,1,승용차승용차,0,0,0,96
2017-01-14,야간,토,1,3,2,0,0,광주,북구,차대사람,횡단중,과속,단일로,기타단일로,승용차,보행자,126.8575,35.174,광주북구,1,승용차보행자,0,1,0,137
2017-01-15,야간,일,1,4,1,2,0,강원,인제군,차대차,정면충돌,중앙선 침범,단일로,기타단일로,승용차,승합차,128.221,38.1282,강원인제군,1,승용차승합차,0,1,0,124
2017-01-16,주간,월,1,4,3,0,0,경남,양산시,차대차,측면충돌,안전운전 의무 불이행,교차로,교차로부근,화물차,승용차,129.0398,35.3313,경남양산시,1,화물차승용차,0,0,0,49
2017-01-17,주간,화,1,5,2,1,1,울산,울주군,차대차,측면충돌,신호위반,교차로,교차로내,승용차,승용차,129.334,35.4561,울산울주군,1,승용차승용차,0,0,0,17
2017-01-18,주간,수,1,6,1,4,0,대구,북구,차대차,추돌,안전운전 의무 불이행,단일로,기타단일로,화물차,승용차,128.5493,35.8972,대구북구,1,화물차승용차,0,0,0,112
2017-01-19,야간,목,1,3,2,0,0,경남,김해시,차대차,정면충돌,중앙선 침범,단일로,기타단일로,승용차,승용차,128.8648,35.2112,경남김해시,1,승용차승용차,0,0,0,13
2017-01-20,야간,금,1,5,1,3,0,충남,서산시,차대차,측면충돌,안전운전 의무 불이행,단일로,기타단일로,화물차,화물차,126.5763,36.8135,충남서산시,1,화물차화물차,0,0,0,69
2017-01-20,주간,금,1,3,2,0,0,경기,포천시,차량단독,공작물충돌,안전운전 의무 불이행,단일로,기타단일로,승용차,없음,127.2514,37.8058,경기포천시,1,승용차없음,0,0,0,171
2017-01-20,주간,금,2,5,2,1,0,강원,삼척시,차대차,측면충돌,과속,단일로,교량위,승합차,승용차,129.3428,37.1642,강원삼척시,1,승합차승용차,0,0,0,78
2017-01-22,주간,일,2,4,1,1,0,경남,거제시,차대차,정면충돌,중앙선 침범,단일로,기타단일로,승용차,승합차,128.7078,34.9629,경남거제시,1,승용차승합차,0,1,0,15
2017-01-23,주간,월,1,6,4,1,0,경기,안산시,차대차,기타,중앙선 침범,단일로,지하차도(도로)내,화물차,승용차,126.9135,37.3129,경기안산시,1,화물차승용차,0,0,0,2
2017-01-25,야간,수,1,4,0,3,0,광주,남구,차대차,추돌,안전운전 의무 불이행,단일로,기타단일로,승용차,승용차,126.7764,35.0694,광주남구,1,승용차승용차,0,0,0,190
2017-01-25,야간,수,1,5,0,4,0,서울,송파구,차대차,측면충돌,안전운전 의무 불이행,단일로,기타단일로,승용차,승용차,127.1465,37.5077,서울송파구,1,승용차승용차,0,0,0,156
2017-01-27,주간,금,1,4,0,3,0,전북,순창군,차량단독,전도,안전운전 의무 불이행,단일로,기타단일로,승용차,없음,127.1785,35.4294,전북순창군,1,승용차없음,0,1,0,131
2017-01-29,야간,일,2,4,1,1,0,경남,김해시,차대차,추돌,안전운전 의무 불이행,단일로,기타단일로,승용차,승용차,128.8117,35.1949,경남김해시,1,승용차승용차,0,1,0,13
2017-01-29,야간,일,1,6,2,0,3,강원,원주시,차대차,추돌,안전운전 의무 불이행,단일로,기타단일로,승용차,승용차,127.8929,37.3915,강원원주시,1,승용차승용차,0,1,0,36
2017-01-30,야간,월,2,3,1,0,0,경남,김해시,차대차,측면충돌,중앙선 침범,단일로,기타단일로,승용차,승합차,128.8738,35.2287,경남김해시,1,승용차승합차,0,0,0,13
2017-02-01,주간,수,1,7,0,6,0,광주,북구,차대차,추돌,안전운전 의무 불이행,단일로,기타단일로,화물차,승용차,126.9011,35.2105,광주북구,1,화물차승용차,0,0,0,137
2017-02-01,야간,수,1,3,2,0,0,전남,영암군,차대차,추돌,과속,단일로,기타단일로,승용차,이륜차,126.6955,34.901,전남영암군,1,승용차이륜차,0,0,0,16
2017-02-02,야간,목,1,5,1,0,3,경기,용인시,차대차,기타,안전운전 의무 불이행,단일로,기타단일로,승용차,승용차,127.3128,37.2456,경기용인시,1,승용차승용차,0,0,0,51
2017-02-09,주간,목,1,4,0,3,0,경기,이천시,차대차,정면충돌,안전운전 의무 불이행,교차로,교차로부근,화물차,화물차,127.3401,37.2557,경기이천시,1,화물차화물차,0,0,0,41
2017-02-10,주간,금,1,4,3,0,0,경북,의성군,차량단독,공작물충돌,안전운전 의무 불이행,단일로,기타단일로,화물차,없음,128.6813,36.2431,경북의성군,1,화물차없음,0,0,0,105
2017-02-10,주간,금,1,5,4,0,0,경북,칠곡군,차대차,정면충돌,중앙선 침범,단일로,기타단일로,승용차,승용차,128.4629,36.0476,경북칠곡군,1,승용차승용차,0,0,0,21
2017-02-13,야간,월,1,4,2,1,0,대전,대덕구,차대차,기타,안전운전 의무 불이행,단일로,기타단일로,화물차,화물차,127.4227,36.4151,대전대덕구,1,화물차화물차,0,0,0,77
2017-02-16,야간,목,2,3,0,1,0,충남,공주시,차대사람,횡단중,신호위반,교차로,교차로횡단보도내,승용차,보행자,127.033,36.4507,충남공주시,1,승용차보행자,0,0,0,19
2017-02-17,야간,금,1,5,1,3,0,경기,의정부시,차대차,추돌,안전운전 의무 불이행,단일로,기타단일로,화물차,승용차,127.0483,37.6964,경기의정부시,1,화물차승용차,0,0,0,64
2017-02-18,야간,토,1,3,2,0,0,충남,아산시,차대차,추돌,기타(운전자법규위반),단일로,기타단일로,승용차,승용차,127.084,36.7788,충남아산시,1,승용차승용차,0,1,0,53
2017-02-18,야간,토,1,6,3,2,0,부산,해운대구,차대차,정면충돌,중앙선 침범,단일로,기타단일로,승용차,승용차,129.1654,35.1622,부산해운대구,1,승용차승용차,0,1,0,1
2017-02-19,야간,일,1,5,0,4,0,경기,안성시,차대차,정면충돌,안전운전 의무 불이행,단일로,기타단일로,화물차,승합차,127.2377,36.9439,경기안성시,1,화물차승합차,0,1,0,23
2017-02-20,야간,월,1,4,3,0,0,충남,홍성군,차대차,측면충돌,중앙선 침범,단일로,기타단일로,승용차,승용차,126.6646,36.6287,충남홍성군,1,승용차승용차,0,0,0,38
2017-02-21,주간,화,3,3,0,0,0,경기,광주시,차대차,측면충돌,부당한 회전,단일로,기타단일로,화물차,화물차,127.2932,37.382,경기광주시,1,화물차화물차,0,0,0,9
2017-02-22,주간,수,3,3,0,0,0,경남,함안군,차대차,추돌,안전운전 의무 불이행,단일로,기타단일로,화물차,승용차,128.5068,35.2864,경남함안군,1,화물차승용차,0,0,0,117
2017-02-24,주간,금,1,3,2,0,0,충남,공주시,차대차,정면충돌,중앙선 침범,단일로,교량위,화물차,화물차,127.0885,36.4502,충남공주시,1,화물차화물차,0,0,0,19
2017-02-24,야간,금,1,4,1,1,1,서울,송파구,차대차,측면충돌,안전운전 의무 불이행,단일로,기타단일로,승용차,승용차,127.1288,37.475,서울송파구,1,승용차승용차,0,0,0,156
2017-02-27,주간,월,1,5,4,0,0,충남,논산시,차대차,정면충돌,중앙선 침범,단일로,기타단일로,승용차,승용차,127.0267,36.1631,충남논산시,1,승용차승용차,0,0,0,61
2017-02-27,주간,월,1,3,2,0,0,강원,속초시,차대차,추돌,안전운전 의무 불이행,단일로,기타단일로,화물차,승용차,128.5647,38.2066,강원속초시,1,화물차승용차,0,0,0,104
2017-02-28,주간,화,1,4,3,0,0,충남,천안시,차대차,정면충돌,중앙선 침범,단일로,기타단일로,승용차,승합차,127.1799,36.7719,충남천안시,1,승용차승합차,0,0,0,63
2017-02-28,주간,화,1,4,0,3,0,전북,완주군,차대차,추돌,안전운전 의무 불이행,단일로,기타단일로,화물차,특수차,127.0684,35.917,전북완주군,1,화물차특수차,0,0,0,28
2017-03-01,야간,수,1,3,2,0,0,서울,강남구,차대사람,횡단중,과속,단일로,기타단일로,승용차,보행자,127.0341,37.5001,서울강남구,1,승용차보행자,0,1,0,89
2017-03-02,야간,목,1,4,1,2,0,제주,제주시,차대차,추돌,안전운전 의무 불이행,단일로,기타단일로,화물차,승용차,126.5639,33.4944,제주제주시,1,화물차승용차,0,0,0,90
2017-03-05,야간,일,1,3,2,0,0,경기,용인시,차대차,측면충돌,신호위반,교차로,교차로부근,승용차,승용차,127.1025,37.3085,경기용인시,1,승용차승용차,0,1,0,51
2017-03-10,야간,금,3,3,0,0,0,경남,창원시(통합),차대차,정면충돌,중앙선 침범,단일로,교량위,승용차,승용차,128.6993,35.1811,경남창원시(통합),1,승용차승용차,0,0,0,86
2017-03-10,주간,금,2,3,1,0,0,충남,공주시,차대차,추돌,안전운전 의무 불이행,단일로,터널안,화물차,화물차,126.9467,36.5753,충남공주시,1,화물차화물차,0,0,0,19
2017-03-12,야간,일,1,3,2,0,0,전남,보성군,차대차,추돌,안전운전 의무 불이행,교차로,교차로부근,화물차,승합차,127.4026,34.8413,전남보성군,1,화물차승합차,0,1,0,122
2017-03-13,주간,월,1,3,2,0,0,경기,고양시,차대차,추돌,안전운전 의무 불이행,단일로,교량위,승용차,승용차,126.8232,37.6049,경기고양시,1,승용차승용차,0,0,0,40
2017-03-14,주간,화,1,6,1,3,1,경기,안산시,차대차,추돌,안전운전 의무 불이행,단일로,기타단일로,화물차,승용차,126.9784,37.5666,경기안산시,1,화물차승용차,0,0,0,2
2017-03-15,주간,수,1,5,0,4,0,경기,시흥시,차대차,추돌,안전거리 미확보,단일로,기타단일로,화물차,화물차,126.7571,37.3663,경기시흥시,1,화물차화물차,0,0,0,73
2017-03-18,야간,토,1,4,2,1,0,경기,용인시,차대차,추돌,안전운전 의무 불이행,단일로,기타단일로,승용차,승용차,127.1144,37.2917,경기용인시,1,승용차승용차,0,1,0,51
2017-03-25,주간,토,4,5,1,0,0,경북,상주시,차대차,정면충돌,중앙선 침범,단일로,기타단일로,화물차,화물차,128.1174,36.4154,경북상주시,1,화물차화물차,0,1,0,58
2017-03-25,주간,토,1,4,3,0,0,경북,봉화군,차량단독,공작물충돌,안전운전 의무 불이행,기타,기타,승합차,없음,128.9338,36.9165,경북봉화군,1,승합차없음,0,1,0,149
2017-03-27,주간,월,1,5,4,0,0,경북,구미시,차량단독,공작물충돌,안전운전 의무 불이행,단일로,기타단일로,화물차,없음,128.4712,36.0959,경북구미시,1,화물차없음,0,0,0,144
2017-03-30,야간,목,1,5,0,4,0,경기,안산시,차대차,정면충돌,보행자 보호의무 위반,교차로,교차로내,승용차,승용차,126.9785,37.5656,경기안산시,1,승용차승용차,0,0,0,2
2017-03-31,야간,금,1,3,2,0,0,광주,광산구,차대차,추돌,안전운전 의무 불이행,단일로,기타단일로,승용차,승합차,126.7317,35.118,광주광산구,1,승용차승합차,0,0,0,135
2017-04-01,주간,토,2,3,1,0,0,전남,여수시,차대차,측면충돌,직진 및 우회전차의 통행방해,교차로,교차로내,승용차,승합차,127.6281,34.8075,전남여수시,1,승용차승합차,0,1,0,102
2017-04-08,야간,토,1,4,2,1,0,대구,달성군,차대차,추돌,안전운전 의무 불이행,교차로,교차로내,승용차,승용차,128.4723,35.8736,대구달성군,1,승용차승용차,0,1,0,30
2017-04-10,주간,월,1,3,2,0,0,전남,무안군,차대차,정면충돌,앞지르기 금지위반,교차로,교차로내,화물차,화물차,126.4793,34.8473,전남무안군,1,화물차화물차,0,0,0,101
2017-04-10,주간,월,2,3,1,0,0,전북,장수군,차대차,정면충돌,중앙선 침범,단일로,기타단일로,화물차,화물차,127.5189,35.6977,전북장수군,1,화물차화물차,0,0,0,155
2017-04-10,야간,월,1,4,1,2,0,경기,수원시,차대차,정면충돌,신호위반,교차로,교차로내,승합차,원동기장치자전거,127.0289,37.2919,경기수원시,1,승합차원동기장치자전거,0,0,0,99
2017-04-11,야간,화,1,3,2,0,0,경북,경산시,차량단독,공작물충돌,안전운전 의무 불이행,단일로,기타단일로,승용차,없음,128.7333,35.8406,경북경산시,1,승용차없음,0,0,0,52
2017-04-11,주간,화,1,3,2,0,0,충북,청주시,차대차,추돌,안전운전 의무 불이행,단일로,기타단일로,승용차,화물차,127.4038,36.597,충북청주시,1,승용차화물차,0,0,0,83
2017-04-11,야간,화,1,4,1,2,0,서울,강동구,차대차,측면충돌,안전거리 미확보,단일로,기타단일로,화물차,승용차,127.1769,37.5547,서울강동구,1,화물차승용차,0,0,0,91
2017-04-13,주간,목,1,4,2,1,0,경북,안동시,차대차,정면충돌,중앙선 침범,기타,기타,승용차,화물차,128.9258,36.3436,경북안동시,1,승용차화물차,0,0,0,66
2017-04-14,주간,금,1,5,0,4,0,경북,경주시,차대차,추돌,안전운전 의무 불이행,교차로,교차로내,화물차,승용차,129.4805,35.7413,경북경주시,1,화물차승용차,0,0,0,100
2017-04-14,주간,금,1,4,3,0,0,경기,포천시,차량단독,전도,과속,단일로,기타단일로,승용차,없음,127.303,37.8921,경기포천시,1,승용차없음,0,0,0,171
2017-04-15,야간,토,2,3,0,1,0,광주,북구,차대차,정면충돌,안전운전 의무 불이행,교차로,교차로횡단보도내,승용차,승용차,126.8576,35.1729,광주북구,1,승용차승용차,0,1,0,137
2017-04-16,야간,일,3,4,1,0,0,경기,화성시,차대사람,길가장자리구역통행중,안전운전 의무 불이행,단일로,기타단일로,화물차,보행자,126.7332,37.2115,경기화성시,1,화물차보행자,0,1,0,50
2017-04-16,주간,일,1,3,2,0,0,충북,충주시,차대차,측면충돌,신호위반,교차로,교차로내,승용차,승합차,127.8187,36.9754,충북충주시,1,승용차승합차,0,1,0,6
2017-04-17,주간,월,1,5,2,2,0,충남,논산시,차대차,추돌,안전운전 의무 불이행,단일로,기타단일로,승용차,승용차,127.2757,36.2373,충남논산시,1,승용차승용차,0,0,0,61
2017-04-19,야간,수,1,3,2,0,0,부산,연제구,차대차,추돌,안전운전 의무 불이행,교차로,교차로내,화물차,승용차,129.0821,35.1753,부산연제구,1,화물차승용차,0,0,0,221
2017-04-23,야간,일,3,4,1,0,0,전남,여수시,차대차,측면충돌,안전운전 의무 불이행,단일로,기타단일로,승용차,화물차,127.6481,34.7365,전남여수시,1,승용차화물차,0,1,0,102
2017-04-25,야간,화,2,3,1,0,0,강원,홍천군,차대차,정면충돌,중앙선 침범,단일로,기타단일로,승용차,승용차,127.9895,37.8036,강원홍천군,1,승용차승용차,0,0,0,82
2017-04-25,주간,화,2,5,2,1,0,부산,해운대구,차대차,추돌,안전운전 의무 불이행,단일로,기타단일로,승용차,승합차,129.1249,35.1883,부산해운대구,1,승용차승합차,0,0,0,1
2017-04-27,주간,목,1,4,1,2,0,전북,완주군,차대차,정면충돌,안전운전 의무 불이행,단일로,기타단일로,승용차,승용차,127.0264,35.8211,전북완주군,1,승용차승용차,0,0,0,28
2017-04-29,주간,토,2,5,0,3,0,전남,나주시,차대차,측면충돌,교차로 통행방법 위반,교차로,교차로내,승용차,건설기계,126.8528,35.0206,전남나주시,1,승용차건설기계,0,1,0,33
2017-04-29,주간,토,1,3,2,0,0,경기,평택시,차량단독,공작물충돌,안전운전 의무 불이행,교차로,교차로부근,승용차,없음,127.0223,37.0612,경기평택시,1,승용차없음,0,1,0,14
2017-04-30,주간,일,1,4,1,2,0,전북,정읍시,차대차,정면충돌,중앙선 침범,기타,기타,승용차,승용차,126.9799,35.6884,전북정읍시,1,승용차승용차,0,1,0,12
2017-04-30,주간,일,1,4,3,0,0,전남,함평군,차량단독,전도전복,안전운전 의무 불이행,단일로,기타단일로,승용차,없음,126.6265,35.1699,전남함평군,1,승용차없음,0,1,0,157
2017-05-02,주간,화,1,3,2,0,0,충북,충주시,차대차,정면충돌,안전거리 미확보,단일로,기타단일로,승용차,건설기계,127.9219,37.0211,충북충주시,1,승용차건설기계,0,0,0,6
2017-05-03,주간,수,1,4,2,1,0,경기,시흥시,차대차,측면충돌,직진 및 우회전차의 통행방해,교차로,교차로내,건설기계,화물차,126.6917,37.3295,경기시흥시,1,건설기계화물차,0,1,0,73
2017-05-05,주간,금,1,4,0,3,0,경북,경주시,차대차,추돌,안전운전 의무 불이행,단일로,기타단일로,승합차,승용차,129.2367,35.8343,경북경주시,1,승합차승용차,0,1,0,100
2017-05-07,주간,일,1,4,1,2,0,경기,평택시,차대차,정면충돌,신호위반,교차로,교차로내,이륜차,화물차,126.8487,36.9949,경기평택시,1,이륜차화물차,0,1,0,14
2017-05-08,주간,월,1,4,2,1,0,전남,나주시,차대차,측면충돌,안전운전 의무 불이행,교차로,교차로내,승용차,승용차,126.6411,34.9501,전남나주시,1,승용차승용차,0,0,0,33
2017-05-12,주간,금,1,6,0,5,0,대전,서구,차대차,측면충돌,안전운전 의무 불이행,단일로,기타단일로,승용차,승용차,127.3516,36.3024,대전서구,1,승용차승용차,0,0,0,4
2017-05-15,주간,월,1,3,2,0,0,서울,양천구,차대차,기타,신호위반,교차로,교차로내,원동기장치자전거,화물차,126.8792,37.5276,서울양천구,1,원동기장치자전거화물차,0,0,0,140
2017-05-15,주간,월,1,4,2,1,0,전남,해남군,차대차,추돌,과속,단일로,기타단일로,화물차,화물차,126.4499,34.6396,전남해남군,1,화물차화물차,0,0,0,119
2017-05-15,야간,월,1,4,2,1,0,충북,충주시,차대차,추돌,안전운전 의무 불이행,단일로,기타단일로,화물차,화물차,127.7842,37.0348,충북충주시,1,화물차화물차,0,0,0,6
2017-05-16,야간,화,1,5,3,1,0,전남,무안군,차대차,측면충돌,안전운전 의무 불이행,교차로,교차로내,화물차,화물차,126.3597,34.979,전남무안군,1,화물차화물차,0,0,0,101
2017-05-17,야간,수,1,4,1,2,0,울산,남구,차대차,정면충돌,중앙선 침범,단일로,기타단일로,화물차,화물차,129.3088,35.5105,울산남구,1,화물차화물차,0,0,0,213
2017-05-19,야간,금,1,5,2,2,0,전북,남원시,차대차,정면충돌,중앙선 침범,단일로,기타단일로,승용차,화물차,127.3535,35.3901,전북남원시,1,승용차화물차,0,0,0,193