발생년월일,주야,요일,사망자수,사상자수,중상자수,경상자수,부상신고자수,발생지시도,발생지시군구,사고유형_대분류,사고유형_중분류,법규위반,도로형태_대분류,도로형태,당사자종별_1당_대분류,당사자종별_2당_대분류,경도,위도,발생지,사고피해정도,사고차량타입,도시여부,주말/공휴일,인구수,발생지번호
2017-05-20,주간,토,1,4,2,1,0,충남,천안시,차대차,정면충돌,직진 및 우회전차의 통행방해,교차로,교차로내,승용차,승용차,127.2064,36.887,충남천안시,1,승용차승용차,0,1,0,63
2017-05-22,주간,월,1,6,4,1,0,인천,강화군,차대사람,보도통행중,기타(운전자법규위반),교차로,교차로내,화물차,보행자,126.4924,37.7426,인천강화군,1,화물차보행자,0,0,0,92
2017-05-22,주간,월,2,4,1,1,0,충북,충주시,차대차,정면충돌,중앙선 침범,교차로,교차로부근,화물차,이륜차,127.8459,37.1199,충북충주시,1,화물차이륜차,0,0,0,6
2017-05-22,야간,월,1,4,2,1,0,경기,평택시,차대차,정면충돌,안전운전 의무 불이행,단일로,기타단일로,화물차,승용차,126.9994,37.0129,경기평택시,1,화물차승용차,0,0,0,14
2017-05-23,주간,화,2,3,0,1,0,전남,무안군,차대차,정면충돌,중앙선 침범,단일로,기타단일로,화물차,건설기계,126.3785,35.0506,전남무안군,1,화물차건설기계,0,0,0,101
2017-05-26,야간,금,1,5,2,2,0,강원,영월군,차량단독,기타,안전운전 의무 불이행,단일로,기타단일로,승용차,없음,128.3971,37.1856,강원영월군,1,승용차없음,0,0,0,114
2017-05-30,주간,화,1,4,2,1,0,충남,당진시,차대차,추돌,안전거리 미확보,단일로,기타단일로,화물차,승용차,126.7468,36.9771,충남당진시,1,화물차승용차,0,0,0,46
2017-05-30,야간,화,1,3,2,0,0,경기,용인시,차대차,기타,과속,단일로,기타단일로,승용차,승용차,127.1037,37.318,경기용인시,1,승용차승용차,0,0,0,51
2017-05-31,야간,수,1,6,4,1,0,광주,광산구,차대사람,기타,기타(운전자법규위반),단일로,기타단일로,승용차,보행자,126.8088,35.1678,광주광산구,1,승용차보행자,0,0,0,135
2017-06-05,야간,월,1,6,0,5,0,충북,보은군,차대차,추돌,안전운전 의무 불이행,단일로,기타단일로,화물차,승용차,127.728,36.5173,충북보은군,1,화물차승용차,0,0,0,32
2017-06-07,주간,수,1,4,2,1,0,전남,화순군,차대차,정면충돌,중앙선 침범,단일로,기타단일로,승용차,승합차,126.9458,34.8587,전남화순군,1,승용차승합차,0,0,0,88
2017-06-09,주간,금,1,4,3,0,0,전북,군산시,차대차,정면충돌,중앙선 침범,단일로,기타단일로,승용차,화물차,126.5934,35.9556,전북군산시,1,승용차화물차,0,0,0,166
2017-06-13,야간,화,1,3,2,0,0,대구,북구,차대차,추돌,안전운전 의무 불이행,단일로,기타단일로,승용차,승용차,128.548,35.8967,대구북구,1,승용차승용차,0,0,0,112
2017-06-14,주간,수,1,3,2,0,0,경북,군위군,차대차,정면충돌,중앙선 침범,단일로,기타단일로,화물차,화물차,128.5926,36.1482,경북군위군,1,화물차화물차,0,0,0,170
2017-06-15,야간,목,1,3,2,0,0,대구,달서구,차대차,추돌,안전운전 의무 불이행,단일로,기타단일로,승용차,화물차,128.5161,35.8248,대구달서구,1,승용차화물차,0,0,0,20
2017-06-16,주간,금,1,3,2,0,0,전남,영암군,차대차,추돌,안전운전 의무 불이행,단일로,기타단일로,화물차,승합차,126.3894,34.736,전남영암군,1,화물차승합차,0,0,0,16
2017-06-18,야간,일,1,3,2,0,0,전남,영광군,차량단독,공작물충돌,안전운전 의무 불이행,단일로,기타단일로,승용차,없음,126.4418,35.3846,전남영광군,1,승용차없음,0,1,0,127
2017-06-18,야간,일,1,3,2,0,0,서울,영등포구,차대차,정면충돌,중앙선 침범,단일로,기타단일로,승용차,승용차,126.9062,37.5323,서울영등포구,1,승용차승용차,0,1,0,150
2017-06-19,야간,월,1,3,2,0,0,대구,달서구,차량단독,공작물충돌,안전운전 의무 불이행,기타,기타,승용차,없음,128.5302,35.8523,대구달서구,1,승용차없음,0,0,0,20
2017-06-24,야간,토,1,3,2,0,0,강원,원주시,차대차,측면충돌,신호위반,교차로,교차로내,화물차,화물차,127.9449,37.3773,강원원주시,1,화물차화물차,0,1,0,36
2017-06-26,주간,월,2,3,1,0,0,전북,고창군,차대차,정면충돌,중앙선 침범,단일로,기타단일로,승용차,화물차,126.5729,35.5398,전북고창군,1,승용차화물차,0,0,0,219
2017-06-26,주간,월,1,4,1,2,0,서울,중구,차대차,기타,안전운전 의무 불이행,단일로,기타단일로,승합차,자전거,127.0098,37.5559,서울중구,1,승합차자전거,0,0,0,8
2017-06-26,야간,월,1,4,2,1,0,경북,영천시,차대차,측면충돌,안전운전 의무 불이행,단일로,기타단일로,승합차,농기계,128.8914,35.9968,경북영천시,1,승합차농기계,0,0,0,5
2017-06-27,주간,화,1,4,0,3,0,대전,대덕구,차대차,추돌,안전운전 의무 불이행,단일로,기타단일로,화물차,화물차,127.4126,36.3881,대전대덕구,1,화물차화물차,0,0,0,77
2017-06-28,주간,수,1,3,2,0,0,세종,세종,차대차,추돌,안전운전 의무 불이행,단일로,기타단일로,화물차,화물차,127.286,36.4385,세종세종,1,화물차화물차,1,0,0,229
2017-06-28,야간,수,1,5,1,3,0,충남,예산군,차대차,측면충돌,신호위반,교차로,교차로내,승용차,화물차,126.7728,36.536,충남예산군,1,승용차화물차,0,0,0,187
2017-06-29,주간,목,1,3,2,0,0,경남,고성군,차대사람,길가장자리구역통행중,안전운전 의무 불이행,단일로,기타단일로,승용차,보행자,128.2762,35.138,경남고성군,1,승용차보행자,0,0,0,87
2017-06-29,주간,목,1,8,0,7,0,경기,안산시,차대사람,횡단중,안전운전 의무 불이행,교차로,교차로횡단보도내,승합차,보행자,126.8682,37.3028,경기안산시,1,승합차보행자,0,0,0,2
2017-06-30,주간,금,1,3,2,0,0,대구,달성군,차대차,측면충돌,과속,교차로,교차로내,승용차,화물차,128.4591,35.6741,대구달성군,1,승용차화물차,0,0,0,30
2017-06-30,야간,금,1,4,2,1,0,전남,곡성군,차대차,추돌,안전운전 의무 불이행,단일로,기타단일로,승용차,승용차,127.1312,35.2625,전남곡성군,1,승용차승용차,0,0,0,147
2017-07-03,주간,월,1,4,1,2,0,경기,광주시,차대차,추돌,안전운전 의무 불이행,단일로,터널안,화물차,화물차,127.2755,37.3858,경기광주시,1,화물차화물차,0,0,0,9
2017-07-05,주간,수,2,3,1,0,0,전남,완도군,차대차,정면충돌,중앙선 침범,단일로,기타단일로,화물차,화물차,126.8188,34.4014,전남완도군,1,화물차화물차,0,0,0,141
2017-07-07,주간,금,1,8,1,6,0,경기,고양시,차대차,추돌,안전운전 의무 불이행,단일로,기타단일로,승용차,승용차,126.8767,37.5806,경기고양시,1,승용차승용차,0,0,0,40
2017-07-08,야간,토,1,4,3,0,0,전남,해남군,차량단독,기타,안전운전 의무 불이행,교차로,교차로부근,승용차,없음,126.3412,34.6965,전남해남군,1,승용차없음,0,1,0,119
2017-07-08,주간,토,1,4,1,2,0,전북,남원시,차대차,정면충돌,안전운전 의무 불이행,단일로,기타단일로,승용차,승용차,127.3459,35.334,전북남원시,1,승용차승용차,0,1,0,193
2017-07-08,주간,토,2,6,1,3,0,충남,예산군,차대차,측면충돌,신호위반,교차로,교차로내,승용차,화물차,126.881,36.637,충남예산군,1,승용차화물차,0,1,0,187
2017-07-08,주간,토,1,6,5,0,0,강원,양양군,차대차,정면충돌,중앙선 침범,기타,기타,승용차,승용차,128.4704,38.0753,강원양양군,1,승용차승용차,0,1,0,164
2017-07-10,야간,월,2,3,1,0,0,경기,성남시,차량단독,전도전복,안전운전 의무 불이행,단일로,기타단일로,승용차,없음,127.075,37.3953,경기성남시,1,승용차없음,0,0,0,95
2017-07-11,주간,화,1,6,3,2,0,경남,함양군,차대차,측면충돌,신호위반,교차로,교차로내,화물차,승용차,127.7809,35.5443,경남함양군,1,화물차승용차,0,0,0,108
2017-07-12,야간,수,1,4,1,2,0,충북,옥천군,차대차,추돌,안전운전 의무 불이행,단일로,기타단일로,화물차,특수차,127.5362,36.3313,충북옥천군,1,화물차특수차,0,0,0,142
2017-07-13,주간,목,1,4,1,2,0,경기,남양주시,차대사람,횡단중,안전운전 의무 불이행,기타,기타,승용차,보행자,127.307,37.6523,경기남양주시,1,승용차보행자,0,0,0,70
2017-07-16,주간,일,1,4,0,3,0,충남,서천군,차대차,측면충돌,중앙선 침범,단일로,기타단일로,화물차,승합차,126.7791,36.0735,충남서천군,1,화물차승합차,0,1,0,10
2017-07-21,야간,금,1,3,2,0,0,경기,평택시,차량단독,전도전복,안전운전 의무 불이행,단일로,기타단일로,승용차,없음,127.0727,37.0304,경기평택시,1,승용차없음,0,0,0,14
2017-07-22,야간,토,1,3,2,0,0,경기,김포시,차대차,측면충돌,안전운전 의무 불이행,교차로,교차로내,승용차,특수차,126.6256,37.6428,경기김포시,1,승용차특수차,0,1,0,47
2017-07-22,주간,토,1,4,1,2,0,서울,도봉구,차대차,추돌,안전운전 의무 불이행,단일로,기타단일로,승용차,승용차,127.0248,37.6522,서울도봉구,1,승용차승용차,0,1,0,98
2017-07-22,야간,토,1,3,2,0,0,강원,삼척시,차대차,추돌,과속,단일로,기타단일로,승용차,승합차,129.2127,37.3936,강원삼척시,1,승용차승합차,0,1,0,78
2017-07-23,주간,일,1,7,2,4,0,강원,인제군,차대차,기타,과속,단일로,기타단일로,승합차,승합차,128.1835,38.0745,강원인제군,1,승합차승합차,0,1,0,124
2017-07-23,주간,일,2,4,1,1,0,서울,은평구,차대차,기타,신호위반,교차로,교차로내,이륜차,승용차,126.9313,37.6088,서울은평구,1,이륜차승용차,0,1,0,139
2017-07-26,주간,수,2,4,0,2,0,경북,경주시,차대차,측면충돌,안전운전 의무 불이행,단일로,기타단일로,승합차,화물차,129.2251,35.9901,경북경주시,1,승합차화물차,0,0,0,100
2017-07-27,주간,목,2,3,1,0,0,충북,단양군,차대차,정면충돌,중앙선 침범,단일로,기타단일로,화물차,건설기계,128.3569,36.9985,충북단양군,1,화물차건설기계,0,0,0,204
2017-07-28,주간,금,1,4,3,0,0,경기,안산시,차대차,기타,과속,단일로,기타단일로,승용차,화물차,126.8751,37.3356,경기안산시,1,승용차화물차,0,0,0,2
2017-07-29,야간,토,1,4,0,3,0,전남,함평군,차대차,추돌,안전운전 의무 불이행,단일로,기타단일로,화물차,화물차,126.4812,35.1283,전남함평군,1,화물차화물차,0,1,0,157
2017-07-30,주간,일,1,5,0,2,2,강원,원주시,차대차,측면충돌,안전운전 의무 불이행,교차로,교차로내,승용차,화물차,127.9367,37.3955,강원원주시,1,승용차화물차,0,1,0,36
2017-07-31,야간,월,1,5,3,1,0,충남,천안시,차대차,추돌,과속,단일로,고가도로위,승합차,승용차,127.1418,36.7837,충남천안시,1,승합차승용차,0,0,0,63
2017-08-01,주간,화,1,3,2,0,0,경북,포항시,차량단독,전도전복,안전운전 의무 불이행,교차로,교차로부근,승용차,없음,129.3439,36.045,경북포항시,1,승용차없음,0,0,0,160
2017-08-01,주간,화,1,4,0,3,0,강원,원주시,차대차,정면충돌,중앙선 침범,단일로,기타단일로,승용차,승용차,127.9884,37.3429,강원원주시,1,승용차승용차,0,0,0,36
2017-08-04,주간,금,1,7,2,4,0,전남,보성군,차대차,추돌,안전거리 미확보,단일로,기타단일로,화물차,화물차,127.1522,34.7746,전남보성군,1,화물차화물차,0,0,0,122
2017-08-05,야간,토,1,6,2,3,0,충남,당진시,차대차,추돌,과속,단일로,기타단일로,승용차,승용차,126.6317,36.8583,충남당진시,1,승용차승용차,0,1,0,46
2017-08-09,야간,수,1,4,2,1,0,충북,보은군,차대차,정면충돌,중앙선 침범,단일로,기타단일로,승용차,이륜차,127.7352,36.4417,충북보은군,1,승용차이륜차,0,0,0,32
2017-08-09,야간,수,1,5,2,2,0,인천,남동구,차대차,정면충돌,신호위반,교차로,교차로내,승용차,승용차,126.7081,37.453,인천남동구,1,승용차승용차,0,0,0,29
2017-08-10,주간,목,1,4,0,3,0,제주,제주시,차대차,기타,중앙선 침범,단일로,기타단일로,승용차,화물차,126.5533,33.5087,제주제주시,1,승용차화물차,0,0,0,90
2017-08-14,야간,월,1,3,2,0,0,인천,중구,차대차,측면충돌,신호위반,교차로,교차로내,승용차,승용차,126.5048,37.4858,인천중구,1,승용차승용차,0,0,0,72
2017-08-15,주간,화,1,4,0,3,0,전남,신안군,차대차,측면충돌,안전운전 의무 불이행,단일로,기타단일로,승용차,승합차,125.9986,34.7611,전남신안군,1,승용차승합차,0,1,0,132
2017-08-16,야간,수,3,3,0,0,0,경기,안산시,차대차,정면충돌,신호위반,교차로,교차로내,승용차,승용차,126.8303,37.3152,경기안산시,1,승용차승용차,0,0,0,2
2017-08-17,주간,목,1,3,2,0,0,인천,부평구,차대차,기타,안전운전 의무 불이행,단일로,기타단일로,승용차,화물차,126.7269,37.5179,인천부평구,1,승용차화물차,0,0,0,44
2017-08-19,주간,토,1,4,2,1,0,경기,평택시,차대차,정면충돌,안전운전 의무 불이행,교차로,교차로내,승용차,화물차,127.1094,36.9931,경기평택시,1,승용차화물차,0,1,0,14
2017-08-19,주간,토,2,4,0,2,0,전남,보성군,차량단독,공작물충돌,안전운전 의무 불이행,단일로,기타단일로,승용차,없음,127.2161,34.7891,전남보성군,1,승용차없음,0,1,0,122
2017-08-19,야간,토,2,3,0,1,0,강원,고성군,차량단독,공작물충돌,안전운전 의무 불이행,기타,기타,승용차,없음,128.3525,38.2757,강원고성군,1,승용차없음,0,1,0,217
2017-08-20,야간,일,1,4,3,0,0,전북,임실군,차대차,정면충돌,중앙선 침범,단일로,기타단일로,화물차,승용차,127.3178,35.5949,전북임실군,1,화물차승용차,0,1,0,152
2017-08-24,주간,목,1,3,2,0,0,전남,구례군,차량단독,기타,안전운전 의무 불이행,단일로,기타단일로,화물차,없음,127.5785,35.2009,전남구례군,1,화물차없음,0,0,0,161
2017-08-25,주간,금,2,5,0,3,0,경기,남양주시,차대차,측면충돌,신호위반,교차로,교차로부근,화물차,승용차,127.198,37.7029,경기남양주시,1,화물차승용차,0,0,0,70
2017-08-25,주간,금,1,4,3,0,0,경기,가평군,차대차,정면충돌,안전운전 의무 불이행,단일로,기타단일로,승합차,승용차,127.4699,37.6842,경기가평군,1,승합차승용차,0,0,0,176
2017-08-26,주간,토,1,3,2,0,0,경북,봉화군,차대차,정면충돌,중앙선 침범,단일로,기타단일로,화물차,화물차,128.8704,36.8669,경북봉화군,1,화물차화물차,0,1,0,149
2017-08-30,야간,수,1,5,2,2,0,강원,원주시,차대차,측면충돌,신호위반,교차로,교차로내,이륜차,승용차,127.9473,37.3325,강원원주시,1,이륜차승용차,0,0,0,36
2017-08-30,야간,수,1,4,3,0,0,대구,달성군,차대차,정면충돌,중앙선 침범,단일로,기타단일로,승용차,화물차,128.4491,35.7837,대구달성군,1,승용차화물차,0,0,0,30
2017-09-01,야간,금,2,4,0,2,0,경기,하남시,차대차,정면충돌,중앙선 침범,단일로,기타단일로,승용차,특수차,127.1622,37.5161,경기하남시,1,승용차특수차,0,0,0,67
2017-09-01,야간,금,1,3,2,0,0,대구,달성군,차량단독,공작물충돌,중앙선 침범,교차로,교차로부근,승용차,없음,128.4711,35.8536,대구달성군,1,승용차없음,0,0,0,30
2017-09-04,주간,월,1,5,0,4,0,경기,구리시,차대차,측면충돌,안전운전 의무 불이행,단일로,기타단일로,이륜차,승용차,127.1411,37.6299,경기구리시,1,이륜차승용차,0,0,0,165
2017-09-04,주간,월,1,4,3,0,0,강원,홍천군,차대사람,기타,안전운전 의무 불이행,기타,기타,승용차,보행자,127.9881,37.7995,강원홍천군,1,승용차보행자,0,0,0,82
2017-09-04,야간,월,2,3,0,1,0,전남,강진군,차대사람,차도통행중,안전운전 의무 불이행,단일로,기타단일로,원동기장치자전거,보행자,126.7506,34.6211,전남강진군,1,원동기장치자전거보행자,0,0,0,121
2017-09-06,주간,수,1,4,0,3,0,서울,강남구,차대차,추돌,안전운전 의무 불이행,단일로,기타단일로,화물차,화물차,127.1114,37.4823,서울강남구,1,화물차화물차,0,0,0,89
2017-09-07,야간,목,1,3,2,0,0,전남,광양시,차대차,정면충돌,중앙선 침범,단일로,기타단일로,승용차,화물차,127.5764,34.9626,전남광양시,1,승용차화물차,0,0,0,130
2017-09-10,야간,일,1,4,0,3,0,강원,강릉시,차대차,측면충돌,안전운전 의무 불이행,교차로,교차로내,승용차,이륜차,128.8972,37.7703,강원강릉시,1,승용차이륜차,0,1,0,194
2017-09-10,주간,일,1,4,3,0,0,충남,공주시,차대차,추돌,안전운전 의무 불이행,단일로,기타단일로,승용차,승용차,127.1449,36.3934,충남공주시,1,승용차승용차,0,1,0,19
2017-09-10,주간,일,1,6,3,2,0,광주,동구,차대차,추돌,안전운전 의무 불이행,교차로,교차로부근,승용차,승용차,126.9258,35.1441,광주동구,1,승용차승용차,0,1,0,162
2017-09-11,야간,월,2,5,1,2,0,전북,군산시,차대차,기타,안전운전 의무 불이행,단일로,기타단일로,승용차,화물차,126.8019,36.0055,전북군산시,1,승용차화물차,0,0,0,166
2017-09-11,야간,월,1,4,0,3,0,전북,전주시,차대차,추돌,안전운전 의무 불이행,단일로,기타단일로,화물차,승용차,127.1291,35.8867,전북전주시,1,화물차승용차,0,0,0,11
2017-09-12,주간,화,1,5,4,0,0,전남,영광군,차대차,측면충돌,신호위반,교차로,교차로내,승용차,승용차,126.5522,35.3072,전남영광군,1,승용차승용차,0,0,0,127
2017-09-12,야간,화,1,5,0,2,2,경기,평택시,차대차,추돌,안전운전 의무 불이행,교차로,교차로부근,승용차,화물차,127.1242,36.9916,경기평택시,1,승용차화물차,0,0,0,14
2017-09-13,주간,수,2,5,1,2,0,충남,홍성군,차대차,추돌,안전운전 의무 불이행,단일로,기타단일로,승용차,특수차,126.7021,36.6098,충남홍성군,1,승용차특수차,0,0,0,38
2017-09-14,주간,목,1,3,2,0,0,경기,양주시,차량단독,전도전복,안전운전 의무 불이행,단일로,기타단일로,승용차,없음,127.024,37.7898,경기양주시,1,승용차없음,0,0,0,59
2017-09-14,주간,목,1,4,3,0,0,경북,문경시,차량단독,공작물충돌,안전운전 의무 불이행,단일로,기타단일로,승용차,없음,128.1376,36.8093,경북문경시,1,승용차없음,0,0,0,74
2017-09-15,야간,금,1,3,2,0,0,부산,강서구,차대차,측면충돌,신호위반,교차로,교차로내,건설기계,화물차,128.8927,35.202,부산강서구,1,건설기계화물차,0,0,0,206
2017-09-17,주간,일,1,5,2,1,1,부산,기장군,차대차,정면충돌,과속,교차로,교차로내,화물차,승용차,129.1987,35.2588,부산기장군,1,화물차승용차,0,1,0,85
2017-09-18,주간,월,1,6,1,4,0,전남,구례군,차대차,정면충돌,중앙선 침범,단일로,기타단일로,승합차,화물차,127.6051,35.214,전남구례군,1,승합차화물차,0,0,0,161
2017-09-19,야간,화,2,3,0,1,0,전남,장성군,차량단독,전도,과속,단일로,기타단일로,승용차,없음,126.6589,35.2634,전남장성군,1,승용차없음,0,0,0,146
2017-09-21,주간,목,1,4,2,1,0,전남,해남군,차대차,측면충돌,안전거리 미확보,단일로,기타단일로,화물차,화물차,126.5495,34.4746,전남해남군,1,화물차화물차,0,0,0,119
2017-09-22,야간,금,1,4,1,2,0,전북,임실군,차대차,추돌,안전운전 의무 불이행,단일로,기타단일로,승용차,농기계,127.2049,35.5738,전북임실군,1,승용차농기계,0,0,0,152
2017-09-22,야간,금,1,3,2,0,0,전북,전주시,차대차,측면충돌,신호위반,교차로,교차로내,이륜차,이륜차,127.1123,35.8189,전북전주시,1,이륜차이륜차,0,0,0,11
2017-09-23,주간,토,1,5,2,2,0,서울,금천구,차대사람,기타,안전운전 의무 불이행,교차로,교차로내,승용차,보행자,126.9004,37.4656,서울금천구,1,승용차보행자,0,1,0,109
2017-09-23,주간,토,1,5,0,4,0,강원,평창군,차대차,측면충돌,중앙선 침범,단일로,기타단일로,이륜차,승합차,128.4161,37.4313,강원평창군,1,이륜차승합차,0,1,0,24
2017-09-24,야간,일,2,3,1,0,0,서울,송파구,차대사람,기타,안전운전 의무 불이행,단일로,기타단일로,승용차,보행자,127.1135,37.5267,서울송파구,1,승용차보행자,0,1,0,156
2017-09-24,주간,일,1,4,2,1,0,전남,화순군,차대차,정면충돌,중앙선 침범,단일로,교량위,승용차,승용차,127.1528,34.9764,전남화순군,1,승용차승용차,0,1,0,88
2017-09-26,주간,화,2,3,1,0,0,강원,철원군,차대차,측면충돌,안전운전 의무 불이행,단일로,기타단일로,화물차,농기계,127.2017,38.2553,강원철원군,1,화물차농기계,0,0,0,184
2017-09-26,주간,화,2,3,0,1,0,서울,서초구,차대차,추돌,안전운전 의무 불이행,단일로,기타단일로,승용차,승용차,127.0508,37.4522,서울서초구,1,승용차승용차,0,0,0,214
2017-09-30,주간,토,1,7,0,6,0,경북,청도군,차대차,측면충돌,신호위반,교차로,교차로내,이륜차,승합차,128.8861,35.7138,경북청도군,1,이륜차승합차,0,1,0,3
2017-10-01,야간,일,1,3,2,0,0,경남,김해시,차대차,측면충돌,중앙선 침범,단일로,기타단일로,승용차,승용차,128.9851,35.2779,경남김해시,1,승용차승용차,0,1,0,13
2017-10-01,야간,일,3,4,1,0,0,충남,논산시,차대차,정면충돌,중앙선 침범,단일로,교량위,승용차,승용차,127.0268,36.1599,충남논산시,1,승용차승용차,0,1,0,61
2017-10-03,야간,화,1,4,2,1,0,충북,음성군,차대차,측면충돌,신호위반,교차로,교차로내,승용차,승합차,127.6107,37.0349,충북음성군,1,승용차승합차,0,1,0,110
2017-10-04,주간,수,1,4,0,3,0,충남,금산군,차대차,측면충돌,안전운전 의무 불이행,단일로,기타단일로,승용차,승용차,127.4662,36.19,충남금산군,1,승용차승용차,0,1,0,68
2017-10-06,주간,금,1,3,2,0,0,전남,진도군,차량단독,공작물충돌,안전운전 의무 불이행,단일로,기타단일로,화물차,없음,126.3606,34.4729,전남진도군,1,화물차없음,0,0,0,71
2017-10-10,야간,화,2,6,3,1,0,경북,경산시,차대차,측면충돌,신호위반,교차로,교차로내,승용차,특수차,128.8177,35.9101,경북경산시,1,승용차특수차,0,0,0,52
2017-10-11,야간,수,1,4,2,1,0,경기,이천시,차대차,추돌,안전운전 의무 불이행,단일로,기타단일로,화물차,화물차,127.3938,37.2401,경기이천시,1,화물차화물차,0,0,0,41
2017-10-12,야간,목,1,3,2,0,0,부산,수영구,차대차,추돌,안전운전 의무 불이행,단일로,교량위,승용차,화물차,129.1367,35.1571,부산수영구,1,승용차화물차,0,0,0,45
2017-10-13,야간,금,1,4,1,2,0,전북,정읍시,차대사람,기타,안전운전 의무 불이행,단일로,기타단일로,승용차,보행자,126.9095,35.6339,전북정읍시,1,승용차보행자,0,0,0,12
2017-10-16,주간,월,1,4,3,0,0,전북,김제시,차대차,추돌,안전거리 미확보,교차로,교차로부근,화물차,화물차,126.9856,35.7866,전북김제시,1,화물차화물차,0,0,0,34
2017-10-17,주간,화,1,4,3,0,0,강원,평창군,차대차,측면충돌,중앙선 침범,단일로,기타단일로,승용차,화물차,128.3928,37.3847,강원평창군,1,승용차화물차,0,0,0,24
2017-10-18,주간,수,1,4,0,3,0,충북,충주시,차대차,추돌,안전운전 의무 불이행,단일로,기타단일로,화물차,화물차,127.8459,36.9819,충북충주시,1,화물차화물차,0,0,0,6
2017-10-19,주간,목,1,4,2,1,0,경기,김포시,차대차,기타,안전운전 의무 불이행,단일로,기타단일로,승용차,승용차,126.7012,37.6498,경기김포시,1,승용차승용차,0,0,0,47
2017-10-19,야간,목,2,5,2,1,0,전북,익산시,차대차,측면충돌,안전운전 의무 불이행,단일로,기타단일로,승용차,승용차,127.1055,36.0543,전북익산시,1,승용차승용차,0,0,0,125
2017-10-20,주간,금,1,6,2,3,0,경기,고양시,차대차,정면충돌,중앙선 침범,단일로,기타단일로,화물차,승용차,126.9008,37.6902,경기고양시,1,화물차승용차,0,0,0,40
2017-10-20,야간,금,1,6,3,2,0,광주,동구,차대차,기타,중앙선 침범,단일로,고가도로위,승용차,승용차,126.9224,35.1389,광주동구,1,승용차승용차,0,0,0,162
2017-10-21,야간,토,1,11,0,0,10,경기,의왕시,차대차,추돌,안전운전 의무 불이행,단일로,기타단일로,화물차,화물차,126.9567,37.3258,경기의왕시,1,화물차화물차,0,1,0,199
2017-10-21,주간,토,1,3,2,0,0,전남,순천시,차량단독,공작물충돌,안전운전 의무 불이행,교차로,교차로부근,화물차,없음,127.4273,35.0978,전남순천시,1,화물차없음,0,1,0,27
2017-10-22,주간,일,2,4,2,0,0,경기,수원시,차대차,측면충돌,신호위반,교차로,교차로내,승용차,승용차,126.9655,37.2555,경기수원시,1,승용차승용차,0,1,0,99
2017-10-22,야간,일,1,3,2,0,0,경북,구미시,차량단독,전도전복,안전운전 의무 불이행,단일로,기타단일로,승용차,없음,128.3295,36.1338,경북구미시,1,승용차없음,0,1,0,144
2017-10-24,야간,화,1,4,1,2,0,충북,진천군,차대차,기타,안전운전 의무 불이행,단일로,기타단일로,승용차,화물차,127.4885,36.8517,충북진천군,1,승용차화물차,0,0,0,60
2017-10-25,야간,수,1,6,3,1,1,서울,서대문구,차대사람,기타,안전운전 의무 불이행,교차로,교차로내,화물차,보행자,126.9673,37.5617,서울서대문구,1,화물차보행자,0,0,0,195
2017-10-27,주간,금,2,3,1,0,0,전남,무안군,차대차,정면충돌,중앙선 침범,단일로,기타단일로,승용차,화물차,126.295,35.0761,전남무안군,1,승용차화물차,0,0,0,101
2017-10-28,야간,토,1,6,3,2,0,전남,영광군,차대차,측면충돌,안전운전 의무 불이행,단일로,기타단일로,화물차,승합차,126.49,35.1986,전남영광군,1,화물차승합차,0,1,0,127
2017-10-29,주간,일,1,3,2,0,0,경북,문경시,차대차,기타,서행 및 일시정지위반,교차로,교차로내,화물차,농기계,128.2452,36.63,경북문경시,1,화물차농기계,0,1,0,74
2017-10-31,야간,화,1,4,2,1,0,경기,부천시,차대차,측면충돌,차로위반(진로변경 위반),단일로,교량위,화물차,승용차,126.7499,37.5147,경기부천시,1,화물차승용차,0,0,0,65
2017-10-31,주간,화,1,6,2,3,0,전남,함평군,차대차,추돌,안전운전 의무 불이행,단일로,기타단일로,화물차,농기계,126.5333,35.0582,전남함평군,1,화물차농기계,0,0,0,157
2017-11-07,주간,화,1,3,2,0,0,경북,예천군,차대차,측면충돌,신호위반,교차로,교차로내,승용차,화물차,128.3703,36.5307,경북예천군,1,승용차화물차,0,0,0,55
2017-11-07,야간,화,1,5,0,4,0,충북,옥천군,차대차,기타,안전운전 의무 불이행,단일로,기타단일로,승용차,승용차,127.5872,36.2707,충북옥천군,1,승용차승용차,0,0,0,142
2017-11-09,야간,목,1,4,1,2,0,충북,청주시,차대차,기타,안전운전 의무 불이행,단일로,기타단일로,승용차,승용차,127.5027,36.6822,충북청주시,1,승용차승용차,0,0,0,83
2017-11-11,야간,토,2,3,1,0,0,충남,당진시,차대차,정면충돌,중앙선 침범,단일로,기타단일로,승용차,화물차,126.7044,36.8999,충남당진시,1,승용차화물차,0,1,0,46
2017-11-13,주간,월,2,3,1,0,0,충남,보령시,차대차,추돌,안전운전 의무 불이행,단일로,기타단일로,승용차,화물차,126.5655,36.2111,충남보령시,1,승용차화물차,0,0,0,136
2017-11-14,주간,화,2,3,1,0,0,경기,용인시,차대차,정면충돌,중앙선 침범,단일로,기타단일로,화물차,승합차,127.3142,37.1589,경기용인시,1,화물차승합차,0,0,0,51
2017-11-14,주간,화,1,4,3,0,0,강원,강릉시,차대차,측면충돌,과속,교차로,교차로내,건설기계,승용차,129.008,37.6835,강원강릉시,1,건설기계승용차,0,0,0,194