발생년월일,주야,요일,사망자수,사상자수,중상자수,경상자수,부상신고자수,발생지시도,발생지시군구,사고유형_대분류,사고유형_중분류,법규위반,도로형태_대분류,도로형태,당사자종별_1당_대분류,당사자종별_2당_대분류,경도,위도,발생지,사고피해정도,사고차량타입,도시여부,주말/공휴일,인구수,발생지번호
2016-04-28,야간,목,1,3,2,0,0,강원,강릉시,차대차,측면직각충돌,과속,단일로,기타단일로,화물차,화물차,128.8468,37.7295,강원강릉시,1,화물차화물차,0,0,0,194
2016-08-13,야간,토,1,4,2,1,0,경기,여주시,차대차,추돌,안전운전 의무 불이행,단일로,터널안,승용차,승용차,127.7372,37.2441,경기여주시,1,승용차승용차,0,1,0,22
2016-08-31,야간,수,1,5,1,2,1,대구,동구,차대차,추돌,안전운전 의무 불이행,단일로,기타단일로,특수차,화물차,128.6862,35.8908,대구동구,1,특수차화물차,0,0,0,26
2016-11-11,야간,금,1,5,2,2,0,부산,수영구,차대차,측면직각충돌,신호위반,교차로,교차로내,승용차,승용차,129.1105,35.1705,부산수영구,1,승용차승용차,0,0,0,45
2016-12-15,야간,목,1,5,1,3,0,충북,청주시,차대차,추돌,안전운전 의무 불이행,단일로,기타단일로,승용차,승용차,127.5224,36.6829,충북청주시,1,승용차승용차,0,0,0,83
2016-12-16,야간,금,1,3,2,0,0,경남,진주시,차대차,추돌,안전운전 의무 불이행,단일로,교량위,승용차,화물차,128.1301,35.1805,경남진주시,1,승용차화물차,0,0,0,42
2016-12-15,야간,목,1,5,2,2,0,경기,부천시,차대차,정면충돌,중앙선 침범,단일로,기타단일로,승용차,승용차,126.8119,37.5362,경기부천시,1,승용차승용차,0,0,0,65
2016-11-18,야간,금,2,3,1,0,0,경기,부천시,차대차,정면충돌,신호위반,교차로,교차로내,화물차,승용차,126.7532,37.5059,경기부천시,1,화물차승용차,0,0,0,65
2016-11-15,야간,화,1,4,1,2,0,경북,영주시,차대차,측면직각충돌,신호위반,교차로,교차로내,승용차,승용차,128.6139,36.8147,경북영주시,1,승용차승용차,0,0,0,113
2016-11-27,주간,일,1,3,2,0,0,경기,화성시,차대차,기타,안전운전 의무 불이행,기타,고가도로위,승용차,화물차,126.899,37.1239,경기화성시,1,승용차화물차,0,1,0,50
2016-11-20,주간,일,1,6,1,2,2,전남,화순군,차대차,측면직각충돌,신호위반,교차로,교차로내,특수차,승용차,126.9951,35.0525,전남화순군,1,특수차승용차,0,1,0,88
2016-10-31,주간,월,1,5,3,1,0,서울,강남구,차대차,정면충돌,신호위반,교차로,교차로내,승용차,승용차,127.0674,37.501,서울강남구,1,승용차승용차,0,0,0,89
2016-11-26,주간,토,2,5,1,2,0,전북,정읍시,차대차,측면직각충돌,직진 및 우회전차의 통행방해,교차로,교차로내,화물차,승용차,126.7818,35.6707,전북정읍시,1,화물차승용차,0,1,0,12
2016-11-19,주간,토,1,3,2,0,0,경남,창녕군,차대차,정면충돌,중앙선 침범,단일로,기타단일로,화물차,화물차,128.4956,35.4041,경남창녕군,1,화물차화물차,0,1,0,211
2016-11-26,야간,토,3,3,0,0,0,경북,안동시,차량단독,전도전복,안전운전 의무 불이행,단일로,횡단보도상,승용차,없음,128.8978,36.4437,경북안동시,1,승용차없음,0,1,0,66
2016-10-10,야간,월,1,4,1,2,0,경북,안동시,차대차,추돌,안전운전 의무 불이행,단일로,기타단일로,승용차,농기계,128.6781,36.4517,경북안동시,1,승용차농기계,0,0,0,66
2016-09-26,주간,월,1,6,4,1,0,충남,부여군,차대차,추돌,안전운전 의무 불이행,단일로,기타단일로,화물차,승합차,126.7981,36.251,충남부여군,1,화물차승합차,0,0,0,129
2016-09-17,주간,토,1,6,1,4,0,강원,홍천군,차대차,정면충돌,중앙선 침범,단일로,기타단일로,승용차,승합차,128.4013,37.7447,강원홍천군,1,승용차승합차,0,1,0,82
2016-12-10,주간,토,1,3,2,0,0,경기,안산시,차대사람,횡단중,신호위반,단일로,횡단보도상,승합차,보행자,126.8452,37.3185,경기안산시,1,승합차보행자,0,1,0,2
2016-11-01,야간,화,1,3,2,0,0,전북,남원시,차대차,추돌,안전운전 의무 불이행,단일로,기타단일로,승용차,화물차,127.3128,35.3386,전북남원시,1,승용차화물차,0,0,0,193
2016-12-12,야간,월,2,4,2,0,0,서울,동작구,차대차,추돌,안전운전 의무 불이행,단일로,기타단일로,화물차,승용차,126.94,37.5168,서울동작구,1,화물차승용차,0,0,0,93
2016-12-09,주간,금,1,4,0,3,0,전남,고흥군,차대차,추돌,안전운전 의무 불이행,단일로,기타단일로,화물차,화물차,127.3557,34.7025,전남고흥군,1,화물차화물차,0,0,0,191
2016-10-20,야간,목,1,8,0,2,5,서울,중구,차대차,추돌,안전운전 의무 불이행,단일로,터널안,승용차,승용차,126.9931,37.5556,서울중구,1,승용차승용차,0,0,0,8
2016-10-19,주간,수,1,5,1,3,0,경기,안양시,차대사람,기타,기타(운전자법규위반),단일로,기타단일로,승용차,보행자,126.9301,37.3882,경기안양시,1,승용차보행자,0,0,0,151
2016-09-03,주간,토,1,3,2,0,0,충남,공주시,차량단독,공작물충돌,안전운전 의무 불이행,교차로,교차로내,화물차,없음,127.042,36.3309,충남공주시,1,화물차없음,0,1,0,19
2016-10-23,야간,일,1,4,1,2,0,전남,고흥군,차량단독,전도전복,안전운전 의무 불이행,단일로,기타단일로,승용차,없음,127.2526,34.7479,전남고흥군,1,승용차없음,0,1,0,191
2016-10-07,야간,금,1,4,2,1,0,충남,천안시,차대차,정면충돌,중앙선 침범,기타,기타,승용차,승용차,127.2203,36.9079,충남천안시,1,승용차승용차,0,0,0,63
2016-10-13,주간,목,2,4,0,2,0,경기,이천시,차대차,기타,신호위반,교차로,교차로내,승용차,화물차,127.3997,37.2653,경기이천시,1,승용차화물차,0,0,0,41
2016-10-06,주간,목,2,3,1,0,0,전남,무안군,차대차,정면충돌,중앙선 침범,단일로,기타단일로,승용차,승용차,126.3974,35.0342,전남무안군,1,승용차승용차,0,0,0,101
2016-11-01,주간,화,1,3,2,0,0,경남,창원시(통합),차대차,측면직각충돌,중앙선 침범,단일로,기타단일로,승합차,화물차,128.5716,35.1325,경남창원시(통합),1,승합차화물차,0,0,0,86
2016-12-11,야간,일,1,3,2,0,0,경기,남양주시,차량단독,전도전복,안전운전 의무 불이행,단일로,기타단일로,승용차,없음,127.1922,37.7253,경기남양주시,1,승용차없음,0,1,0,70
2016-12-18,야간,일,2,3,0,1,0,강원,삼척시,차대차,측면직각충돌,신호위반,교차로,교차로내,승용차,승용차,129.0499,37.2493,강원삼척시,1,승용차승용차,0,1,0,78
2016-01-14,주간,목,1,4,2,1,0,강원,홍천군,차대차,정면충돌,중앙선 침범,단일로,기타단일로,승용차,화물차,127.8567,37.5898,강원홍천군,1,승용차화물차,0,0,0,82
2016-11-23,야간,수,2,4,1,1,0,충남,천안시,차대차,추돌,안전운전 의무 불이행,단일로,기타단일로,화물차,화물차,127.2362,36.7444,충남천안시,1,화물차화물차,0,0,0,63
2016-04-12,야간,화,1,5,2,1,1,경기,시흥시,차대사람,기타,과속,단일로,기타단일로,화물차,보행자,126.8715,37.3685,경기시흥시,1,화물차보행자,0,0,0,73
2016-12-18,야간,일,1,5,4,0,0,경북,구미시,차대차,추돌,안전운전 의무 불이행,단일로,기타단일로,승용차,승용차,128.5151,36.1432,경북구미시,1,승용차승용차,0,1,0,144
2016-07-10,야간,일,1,4,1,2,0,전북,부안군,차대차,추돌,안전운전 의무 불이행,단일로,기타단일로,승용차,승용차,126.742,35.6845,전북부안군,1,승용차승용차,0,1,0,185
2016-06-06,주간,월,1,7,1,5,0,대구,북구,차대차,추돌,안전운전 의무 불이행,단일로,기타단일로,승용차,승합차,128.5357,35.9363,대구북구,1,승용차승합차,0,1,0,112
2016-01-10,야간,일,1,3,2,0,0,전북,익산시,차량단독,공작물충돌,안전운전 의무 불이행,단일로,기타단일로,승용차,없음,127.0023,35.9612,전북익산시,1,승용차없음,0,1,0,125
2016-12-02,주간,금,1,4,2,1,0,인천,남구,차대차,추돌,안전운전 의무 불이행,단일로,기타단일로,화물차,승용차,126.6417,37.4413,인천남동구,1,화물차승용차,0,0,0,29
2016-02-04,주간,목,1,5,4,0,0,경기,용인시,차대차,측면직각충돌,중앙선 침범,단일로,기타단일로,승용차,승용차,127.3768,37.1518,경기용인시,1,승용차승용차,0,0,0,51
2016-09-06,주간,화,1,6,3,2,0,전남,함평군,차량단독,공작물충돌,안전운전 의무 불이행,단일로,기타단일로,승합차,없음,126.5871,35.0668,전남함평군,1,승합차없음,0,0,0,157
2015-01-02,주간,금,1,4,1,1,1,경북,칠곡군,차대차,기타,안전운전 의무 불이행,교차로,교차로내,승용차,승용차,128.388,36.006,경북칠곡군,1,승용차승용차,0,0,0,21
2015-01-02,주간,금,1,7,0,6,0,경기,평택시,차대차,추돌,안전운전 의무 불이행,단일로,기타단일로,화물차,화물차,126.9161,36.9374,경기평택시,1,화물차화물차,0,0,0,14
2015-01-03,야간,토,2,3,1,0,0,서울,서대문구,차대사람,기타,과속,단일로,기타단일로,승용차,보행자,126.9631,37.5599,서울서대문구,1,승용차보행자,0,1,0,195
2015-01-03,야간,토,1,5,3,1,0,강원,강릉시,차대차,측면충돌,신호위반,교차로,교차로내,승용차,화물차,128.8953,37.7542,강원강릉시,1,승용차화물차,0,1,0,194
2015-01-04,야간,일,1,3,2,0,0,충남,서산시,차대차,추돌,안전운전 의무 불이행,단일로,기타단일로,화물차,승용차,126.5251,36.6686,충남서산시,1,화물차승용차,0,1,0,69
2015-01-05,주간,월,1,4,2,1,0,경남,창원시(통합),차대사람,기타,안전운전 의무 불이행,단일로,기타단일로,승용차,보행자,128.3617,35.1332,경남창원시(통합),1,승용차보행자,0,0,0,86
2015-01-05,야간,월,1,6,1,4,0,인천,계양구,차대차,측면충돌,교차로 통행방법 위반,교차로,교차로내,승용차,승합차,126.7426,37.5641,인천계양구,1,승용차승합차,0,0,0,7
2015-01-06,주간,화,1,5,3,1,0,서울,성북구,차대차,추돌,안전운전 의무 불이행,단일로,터널안,승합차,화물차,126.995,37.61,서울성북구,1,승합차화물차,0,0,0,167
2015-01-06,야간,화,2,3,1,0,0,대전,서구,차대차,정면충돌,중앙선 침범,단일로,기타단일로,화물차,승용차,127.4017,36.3422,대전서구,1,화물차승용차,0,0,0,4
2015-01-07,주간,수,2,3,0,1,0,충북,음성군,차대차,기타,중앙선 침범,단일로,기타단일로,승용차,화물차,127.4991,36.9401,충북음성군,1,승용차화물차,0,0,0,110
2015-01-07,야간,수,1,5,1,3,0,경기,양주시,차대차,추돌,안전운전 의무 불이행,교차로,교차로내,승합차,승합차,126.9877,37.7904,경기양주시,1,승합차승합차,0,0,0,59
2015-01-11,야간,일,1,5,1,3,0,경기,성남시,차대차,추돌,안전운전 의무 불이행,단일로,기타단일로,승용차,특수차,127.0708,37.4296,경기성남시,1,승용차특수차,0,1,0,95
2015-01-11,주간,일,2,5,0,3,0,충남,당진시,차대차,정면충돌,중앙선 침범,단일로,기타단일로,승합차,승용차,126.7094,36.8025,충남당진시,1,승합차승용차,0,1,0,46
2015-01-11,주간,일,1,5,3,1,0,강원,영월군,차대차,측면충돌,안전운전 의무 불이행,단일로,기타단일로,승용차,승용차,128.4606,37.1934,강원영월군,1,승용차승용차,0,1,0,114
2015-01-11,야간,일,2,5,1,2,0,강원,태백시,차대차,정면충돌,중앙선 침범,단일로,기타단일로,승용차,승용차,129.037,37.0958,강원태백시,1,승용차승용차,0,1,0,215
2015-01-12,주간,월,1,5,0,3,1,인천,남동구,차대사람,횡단중,신호위반,교차로,교차로부근,승용차,보행자,126.7075,37.4498,인천남동구,1,승용차보행자,0,0,0,29
2015-01-13,주간,화,1,3,2,0,0,충북,옥천군,차량단독,전도전복,안전운전 의무 불이행,단일로,기타단일로,화물차,없음,127.7625,36.3338,충북옥천군,1,화물차없음,0,0,0,142
2015-01-13,야간,화,2,5,3,0,0,전북,순창군,차대차,측면충돌,신호위반,교차로,교차로내,승용차,화물차,127.1492,35.3716,전북순창군,1,승용차화물차,0,0,0,131
2015-01-20,야간,화,2,4,1,1,0,대구,달서구,차량단독,공작물충돌,안전운전 의무 불이행,단일로,기타단일로,승용차,없음,128.5646,35.8515,대구달서구,1,승용차없음,0,0,0,20
2015-01-20,주간,화,1,4,2,1,0,경기,평택시,차대차,정면충돌,중앙선 침범,단일로,기타단일로,승용차,승용차,127.0816,37.1105,경기평택시,1,승용차승용차,0,0,0,14
2015-01-20,주간,화,1,4,3,0,0,경북,경산시,차대차,측면충돌,신호위반,교차로,교차로내,화물차,승용차,128.8412,35.7914,경북경산시,1,화물차승용차,0,0,0,52
2015-01-21,야간,수,1,4,3,0,0,강원,원주시,차대차,측면충돌,과속,교차로,교차로내,승용차,승합차,127.9441,37.3347,강원원주시,1,승용차승합차,0,0,0,36
2015-01-21,주간,수,2,4,1,1,0,전북,부안군,차대차,측면충돌,차로위반(진로변경 위반),교차로,교차로내,승용차,화물차,126.7219,35.7231,전북부안군,1,승용차화물차,0,0,0,185
2015-01-24,주간,토,1,3,2,0,0,충남,금산군,차대차,측면충돌,안전운전 의무 불이행,교차로,교차로내,승용차,이륜차,127.3764,36.224,충남금산군,1,승용차이륜차,0,1,0,68
2015-01-25,주간,일,1,6,4,1,0,충북,청주시,차대차,측면충돌,안전운전 의무 불이행,단일로,기타단일로,승용차,승용차,127.5547,36.5675,충북청주시,1,승용차승용차,0,1,0,83
2015-01-25,야간,일,1,3,2,0,0,경기,수원시,차대사람,횡단중,안전운전 의무 불이행,단일로,기타단일로,승용차,보행자,127.0105,37.2871,경기수원시,1,승용차보행자,0,1,0,99
2015-01-27,주간,화,3,4,1,0,0,전남,순천시,차량단독,전도전복,안전운전 의무 불이행,단일로,기타단일로,화물차,없음,127.5121,35.0208,전남순천시,1,화물차없음,0,0,0,27
2015-01-28,야간,수,1,3,2,0,0,제주,서귀포시,차대차,기타,직진 및 우회전차의 통행방해,교차로,교차로내,승합차,농기계,126.4307,33.2384,제주서귀포시,1,승합차농기계,0,0,0,62
2015-01-29,야간,목,1,4,3,0,0,전남,강진군,차대차,정면충돌,중앙선 침범,단일로,기타단일로,승용차,승용차,126.7138,34.5762,전남강진군,1,승용차승용차,0,0,0,121
2015-01-31,야간,토,1,5,4,0,0,대전,중구,차대차,정면충돌,신호위반,교차로,교차로내,승용차,승용차,127.417,36.3231,대전중구,1,승용차승용차,0,1,0,39
2015-01-31,야간,토,1,6,4,1,0,전남,목포시,차대차,측면충돌,신호위반,교차로,교차로내,승용차,승용차,126.4149,34.8013,전남목포시,1,승용차승용차,0,1,0,153
2015-02-01,야간,일,2,4,1,1,0,인천,중구,차대차,측면충돌,안전거리 미확보,교차로,교차로부근,승용차,승용차,126.4767,37.4414,인천중구,1,승용차승용차,0,1,0,72
2015-02-03,야간,화,4,5,0,1,0,경북,구미시,차대차,기타,안전운전 의무 불이행,단일로,기타단일로,승용차,승용차,128.3477,36.1445,경북구미시,1,승용차승용차,0,0,0,144
2015-02-03,주간,화,1,4,2,1,0,울산,북구,차대차,추돌,안전운전 의무 불이행,단일로,기타단일로,화물차,화물차,129.3803,35.5351,울산북구,1,화물차화물차,0,0,0,158
2015-02-03,주간,화,1,3,2,0,0,대구,동구,차량단독,공작물충돌,안전운전 의무 불이행,단일로,기타단일로,승용차,없음,128.6572,35.9115,대구동구,1,승용차없음,0,0,0,26
2015-02-04,야간,수,1,3,2,0,0,경남,밀양시,차대차,정면충돌,중앙선 침범,단일로,기타단일로,승합차,승용차,128.7553,35.4794,경남밀양시,1,승합차승용차,0,0,0,177
2015-02-08,야간,일,2,5,3,0,0,전남,광양시,차량단독,공작물충돌,안전운전 의무 불이행,단일로,기타단일로,승용차,없음,127.5986,34.9751,전남광양시,1,승용차없음,0,1,0,130
2015-02-08,야간,일,2,4,2,0,0,부산,동구,차대차,추돌,안전운전 의무 불이행,단일로,기타단일로,승용차,특수차,129.042,35.1112,부산동구,1,승용차특수차,0,1,0,209
2015-02-09,주간,월,1,4,3,0,0,경기,성남시,차대차,추돌,안전운전 의무 불이행,단일로,터널안,승용차,승용차,127.0988,37.4241,경기성남시,1,승용차승용차,0,0,0,95
2015-02-10,야간,화,2,3,1,0,0,경북,경주시,차량단독,공작물충돌,안전운전 의무 불이행,단일로,기타단일로,승용차,없음,129.1914,35.9982,경북경주시,1,승용차없음,0,0,0,100
2015-02-11,주간,수,1,4,1,2,0,울산,북구,차대차,기타,중앙선 침범,단일로,기타단일로,승용차,승합차,129.3789,35.5572,울산북구,1,승용차승합차,0,0,0,158
2015-02-18,야간,수,1,4,3,0,0,충남,아산시,차대차,측면충돌,중앙선 침범,단일로,기타단일로,승용차,승용차,127.041,36.7725,충남아산시,1,승용차승용차,0,1,0,53
2015-02-19,주간,목,1,3,2,0,0,경북,경주시,차량단독,공작물충돌,안전운전 의무 불이행,단일로,기타단일로,승용차,없음,129.4158,35.7163,경북경주시,1,승용차없음,0,1,0,100
2015-02-20,야간,금,2,6,3,1,0,경북,고령군,차대차,기타,중앙선 침범,단일로,기타단일로,승용차,승용차,128.3538,35.7507,경북고령군,1,승용차승용차,0,1,0,220
2015-02-22,야간,일,1,3,2,0,0,경기,시흥시,차대차,기타,안전거리 미확보,교차로,교차로부근,원동기장치자전거,승용차,126.7883,37.4421,경기시흥시,1,원동기장치자전거승용차,0,1,0,73
2015-02-25,야간,수,1,4,3,0,0,울산,북구,차량단독,공작물충돌,안전운전 의무 불이행,교차로,교차로부근,승용차,없음,129.3608,35.5567,울산북구,1,승용차없음,0,0,0,158
2015-02-26,야간,목,1,5,2,2,0,충북,음성군,차대차,기타,안전운전 의무 불이행,단일로,기타단일로,화물차,화물차,127.6505,37.1437,충북음성군,1,화물차화물차,0,0,0,110
2015-02-26,주간,목,1,3,2,0,0,대전,동구,차대차,기타,안전운전 의무 불이행,단일로,기타단일로,승용차,화물차,127.4821,36.3415,대전동구,1,승용차화물차,0,0,0,80
2015-02-27,야간,금,1,8,1,6,0,전북,남원시,차량단독,전도전복,안전운전 의무 불이행,단일로,기타단일로,승용차,없음,127.4119,35.4076,전북남원시,1,승용차없음,0,0,0,193
2015-02-27,야간,금,1,3,2,0,0,경기,가평군,차대차,추돌,안전운전 의무 불이행,단일로,기타단일로,승용차,승용차,127.3441,37.8219,경기가평군,1,승용차승용차,0,0,0,176
2015-03-04,주간,수,1,4,3,0,0,전북,임실군,차대차,정면충돌,교차로 통행방법 위반,교차로,교차로내,승용차,화물차,127.1944,35.5564,전북임실군,1,승용차화물차,0,0,0,152
2015-03-08,주간,일,1,3,2,0,0,인천,중구,차대차,측면충돌,교차로 통행방법 위반,교차로,교차로내,화물차,승용차,126.5164,37.5173,인천중구,1,화물차승용차,0,1,0,72
2015-03-09,야간,월,1,4,3,0,0,전북,전주시,차량단독,공작물충돌,안전운전 의무 불이행,교차로,교차로부근,승용차,없음,127.129,35.7848,전북전주시,1,승용차없음,0,0,0,11
2015-03-09,야간,월,1,3,2,0,0,경기,여주시,차대차,추돌,안전운전 의무 불이행,교차로,교차로내,화물차,화물차,127.5616,37.1879,경기여주시,1,화물차화물차,0,0,0,22
2015-03-11,야간,수,1,5,3,1,0,전북,전주시,차대차,측면충돌,안전운전 의무 불이행,교차로,교차로내,승용차,승용차,127.1149,35.813,전북전주시,1,승용차승용차,0,0,0,11
2015-03-11,야간,수,1,3,2,0,0,전북,부안군,차대차,측면충돌,신호위반,교차로,교차로내,화물차,승용차,126.7374,35.7233,전북부안군,1,화물차승용차,0,0,0,185
2015-03-15,주간,일,1,4,0,3,0,광주,남구,차대차,추돌,안전운전 의무 불이행,단일로,기타단일로,승용차,승용차,126.902,35.1336,광주남구,1,승용차승용차,0,1,0,190
2015-03-15,주간,일,1,6,1,4,0,경기,김포시,차대차,추돌,안전운전 의무 불이행,단일로,기타단일로,승용차,승합차,126.712,37.6253,경기김포시,1,승용차승합차,0,1,0,47
2015-03-17,야간,화,1,4,0,3,0,서울,마포구,차대차,추돌,안전운전 의무 불이행,단일로,기타단일로,화물차,화물차,126.8616,37.5702,서울마포구,1,화물차화물차,0,0,0,159
2015-03-19,주간,목,1,6,5,0,0,경기,양평군,차대차,정면충돌,중앙선 침범,단일로,기타단일로,승용차,승용차,127.3579,37.5564,경기양평군,1,승용차승용차,0,0,0,48
2015-03-19,주간,목,1,4,0,3,0,전북,군산시,차대차,측면충돌,신호위반,교차로,교차로내,이륜차,승용차,126.7524,35.9986,전북군산시,1,이륜차승용차,0,0,0,166
2015-03-23,야간,월,1,3,2,0,0,대전,동구,차대차,정면충돌,중앙선 침범,단일로,기타단일로,승용차,승용차,127.4598,36.3429,대전동구,1,승용차승용차,0,0,0,80
2015-03-24,야간,화,4,5,0,1,0,경기,화성시,차대사람,길가장자리구역통행중,안전운전 의무 불이행,단일로,기타단일로,승용차,보행자,127.0076,37.1994,경기화성시,1,승용차보행자,0,0,0,50
2015-03-26,야간,목,1,5,3,1,0,강원,양구군,차대차,측면충돌,직진 및 우회전차의 통행방해,교차로,교차로내,승합차,승용차,127.9892,38.0964,강원양구군,1,승합차승용차,0,0,0,115
2015-03-27,야간,금,1,3,2,0,0,경기,고양시,차대차,정면충돌,중앙선 침범,단일로,기타단일로,승용차,승용차,126.8831,37.6298,경기고양시,1,승용차승용차,0,0,0,40
2015-03-28,주간,토,1,3,2,0,0,전북,순창군,차대차,정면충돌,중앙선 침범,단일로,기타단일로,화물차,화물차,126.9444,35.4343,전북순창군,1,화물차화물차,0,1,0,131
2015-03-28,주간,토,1,6,1,4,0,충북,괴산군,차대차,정면충돌,직진 및 우회전차의 통행방해,교차로,교차로내,승용차,승합차,127.7643,36.834,충북괴산군,1,승용차승합차,0,1,0,179
2015-03-29,주간,일,1,4,0,3,0,대전,대덕구,차대차,측면충돌,과속,단일로,기타단일로,승용차,이륜차,127.4277,36.3591,대전대덕구,1,승용차이륜차,0,1,0,77
2015-03-29,야간,일,1,7,0,1,5,인천,남구,차대차,추돌,안전운전 의무 불이행,단일로,기타단일로,승용차,승용차,126.6742,37.4712,인천남동구,1,승용차승용차,0,1,0,29
2015-03-30,주간,월,1,4,0,3,0,경기,의정부시,차대차,추돌,안전운전 의무 불이행,교차로,교차로내,건설기계,건설기계,127.0532,37.7048,경기의정부시,1,건설기계건설기계,0,0,0,64
2015-03-30,주간,월,4,5,1,0,0,충남,홍성군,차량단독,공작물충돌,안전운전 의무 불이행,단일로,기타단일로,승용차,없음,126.5468,36.6023,충남홍성군,1,승용차없음,0,0,0,38
2015-03-30,주간,월,1,4,1,2,0,경남,창원시(통합),차대차,추돌,안전운전 의무 불이행,교차로,교차로부근,특수차,특수차,128.7878,35.0832,경남창원시(통합),1,특수차특수차,0,0,0,86
2015-03-31,야간,화,2,4,1,1,0,경기,하남시,차대차,측면충돌,안전운전 의무 불이행,단일로,기타단일로,화물차,승용차,127.2023,37.5316,경기하남시,1,화물차승용차,0,0,0,67
2015-03-31,주간,화,1,4,3,0,0,경북,영덕군,차대차,측면충돌,중앙선 침범,단일로,기타단일로,건설기계,승용차,129.1626,36.4928,경북영덕군,1,건설기계승용차,0,0,0,54
2015-04-01,주간,수,1,3,2,0,0,강원,춘천시,차대차,측면충돌,안전운전 의무 불이행,교차로,교차로내,승합차,승용차,127.7341,37.8514,강원춘천시,1,승합차승용차,0,0,0,111
2015-04-01,주간,수,1,4,2,1,0,충남,홍성군,차대차,측면충돌,중앙선 침범,단일로,기타단일로,승용차,화물차,126.6482,36.6054,충남홍성군,1,승용차화물차,0,0,0,38
2015-04-02,주간,목,2,3,1,0,0,광주,서구,차대사람,길가장자리구역통행중,과속,단일로,기타단일로,승용차,보행자,126.8578,35.1223,광주서구,1,승용차보행자,0,0,0,222
2015-04-03,주간,금,1,4,1,2,0,경북,영주시,차대차,측면충돌,안전운전 의무 불이행,교차로,교차로내,화물차,승용차,128.6168,36.8252,경북영주시,1,화물차승용차,0,0,0,113
2015-04-03,주간,금,2,5,3,0,0,부산,해운대구,차대사람,기타,안전운전 의무 불이행,단일로,기타단일로,승용차,보행자,129.1258,35.1841,부산해운대구,1,승용차보행자,0,0,0,1
2015-04-05,주간,일,1,5,3,1,0,충남,논산시,차대차,정면충돌,앞지르기 금지위반,교차로,교차로내,승용차,승용차,127.0814,36.1982,충남논산시,1,승용차승용차,0,1,0,61
2015-04-05,주간,일,1,4,1,2,0,충남,예산군,차대차,측면충돌,안전운전 의무 불이행,교차로,교차로내,승용차,승용차,126.6562,36.6895,충남예산군,1,승용차승용차,0,1,0,187
2015-04-06,주간,월,1,3,2,0,0,경북,성주군,차대차,정면충돌,중앙선 침범,기타,기타,화물차,화물차,128.2459,35.7924,경북성주군,1,화물차화물차,0,0,0,168
2015-04-06,야간,월,1,4,3,0,0,경기,평택시,차대차,측면충돌,중앙선 침범,단일로,기타단일로,승용차,승용차,127.0716,37.0224,경기평택시,1,승용차승용차,0,0,0,14
2015-04-08,주간,수,1,5,3,1,0,경기,포천시,차대차,기타,중앙선 침범,단일로,기타단일로,승용차,승용차,127.3254,37.9813,경기포천시,1,승용차승용차,0,0,0,171
2015-04-09,야간,목,1,4,3,0,0,경기,고양시,차량단독,공작물충돌,안전운전 의무 불이행,교차로,교차로부근,승용차,없음,126.8766,37.5858,경기고양시,1,승용차없음,0,0,0,40
2015-04-09,야간,목,1,3,2,0,0,강원,동해시,차대차,측면충돌,신호위반,교차로,교차로내,승용차,승용차,129.1219,37.4896,강원동해시,1,승용차승용차,0,0,0,210
2015-04-10,주간,금,2,5,0,3,0,경기,군포시,차대차,추돌,안전운전 의무 불이행,교차로,교차로부근,승합차,승합차,126.9423,37.347,경기군포시,1,승합차승합차,0,0,0,126
2015-04-11,야간,토,2,4,0,2,0,전남,나주시,차량단독,공작물충돌,안전운전 의무 불이행,단일로,기타단일로,승용차,없음,126.7118,34.9491,전남나주시,1,승용차없음,0,1,0,33
2015-04-12,주간,일,1,7,3,3,0,전북,익산시,차대차,측면충돌,직진 및 우회전차의 통행방해,교차로,교차로내,승용차,화물차,126.9867,36.023,전북익산시,1,승용차화물차,0,1,0,125
2015-04-14,주간,화,1,5,4,0,0,충북,음성군,차대차,측면충돌,신호위반,교차로,교차로내,화물차,승합차,127.548,36.9058,충북음성군,1,화물차승합차,0,0,0,110
2015-04-14,야간,화,1,3,2,0,0,전남,영암군,차대차,정면충돌,신호위반,교차로,교차로내,승용차,승용차,126.4178,34.7577,전남영암군,1,승용차승용차,0,0,0,16
2015-04-15,주간,수,1,4,0,3,0,강원,춘천시,차대차,측면충돌,중앙선 침범,단일로,터널안,화물차,화물차,127.6477,37.9836,강원춘천시,1,화물차화물차,0,0,0,111
2015-04-16,주간,목,1,5,1,3,0,경북,경주시,차대차,기타,중앙선 침범,단일로,기타단일로,이륜차,승용차,129.278,35.8548,경북경주시,1,이륜차승용차,0,0,0,100
2015-04-18,야간,토,2,4,2,0,0,경북,경산시,차대차,측면충돌,신호위반,교차로,교차로내,원동기장치자전거,이륜차,128.7275,35.8343,경북경산시,1,원동기장치자전거이륜차,0,1,0,52
2015-04-19,야간,일,1,3,2,0,0,경기,파주시,차대차,정면충돌,중앙선 침범,단일로,지하차도(도로)내,승용차,승용차,126.759,37.7085,경기파주시,1,승용차승용차,0,1,0,175
2015-04-19,주간,일,1,6,5,0,0,경기,고양시,차대차,정면충돌,중앙선 침범,단일로,기타단일로,승용차,승용차,126.8096,37.6316,경기고양시,1,승용차승용차,0,1,0,40
2015-04-19,주간,일,2,3,0,1,0,충북,청주시,차대차,기타,신호위반,교차로,교차로내,승용차,승용차,127.4426,36.61,충북청주시,1,승용차승용차,0,1,0,83
2015-04-19,주간,일,1,4,2,1,0,부산,부산진구,차대차,측면충돌,중앙선 침범,교차로,교차로부근,승용차,승용차,129.059,35.1717,부산부산진구,1,승용차승용차,0,1,0,163