발생년월일,주야,요일,사망자수,사상자수,중상자수,경상자수,부상신고자수,발생지시도,발생지시군구,사고유형_대분류,사고유형_중분류,법규위반,도로형태_대분류,도로형태,당사자종별_1당_대분류,당사자종별_2당_대분류,경도,위도,발생지,사고피해정도,사고차량타입,도시여부,주말/공휴일,인구수,발생지번호
2015-04-19,주간,일,3,6,1,2,0,전남,여수시,차량단독,공작물충돌,안전운전 의무 불이행,단일로,기타단일로,승용차,없음,127.7147,34.7786,전남여수시,1,승용차없음,0,1,0,102
2015-04-20,야간,월,1,6,2,3,0,대전,대덕구,차대차,기타,과속,단일로,기타단일로,승용차,승용차,127.4173,36.453,대전대덕구,1,승용차승용차,0,0,0,77
2015-04-23,주간,목,2,3,1,0,0,강원,원주시,차대차,측면충돌,기타(운전자법규위반),단일로,기타단일로,승합차,자전거,127.9353,37.3975,강원원주시,1,승합차자전거,0,0,0,36
2015-04-23,주간,목,1,3,2,0,0,충남,공주시,차량단독,전도전복,안전운전 의무 불이행,단일로,기타단일로,승용차,없음,127.1513,36.4406,충남공주시,1,승용차없음,0,0,0,19
2015-04-25,야간,토,1,3,2,0,0,부산,기장군,차량단독,공작물충돌,안전운전 의무 불이행,단일로,기타단일로,승용차,없음,129.2078,35.2069,부산기장군,1,승용차없음,0,1,0,85
2015-04-25,주간,토,2,6,3,1,0,강원,횡성군,차대차,측면충돌,직진 및 우회전차의 통행방해,교차로,교차로내,승용차,승용차,128.0732,37.4511,강원횡성군,1,승용차승용차,0,1,0,31
2015-04-25,야간,토,1,3,2,0,0,대전,서구,차대차,측면충돌,중앙선 침범,단일로,기타단일로,승용차,승용차,127.3849,36.3152,대전서구,1,승용차승용차,0,1,0,4
2015-04-29,주간,수,1,5,0,4,0,전북,전주시,차대차,측면충돌,안전운전 의무 불이행,교차로,교차로부근,승용차,승합차,127.0988,35.8251,전북전주시,1,승용차승합차,0,0,0,11
2015-04-30,주간,목,1,5,1,3,0,경기,여주시,차대차,추돌,안전거리 미확보,단일로,기타단일로,화물차,화물차,127.6114,37.2066,경기여주시,1,화물차화물차,0,0,0,22
2015-04-30,야간,목,1,5,0,4,0,강원,춘천시,차대차,측면충돌,신호위반,교차로,교차로내,승용차,승합차,127.7024,37.8162,강원춘천시,1,승용차승합차,0,0,0,111
2015-04-30,야간,목,1,4,3,0,0,전북,완주군,차대차,측면충돌,신호위반,교차로,교차로내,승용차,승용차,127.1252,35.9554,전북완주군,1,승용차승용차,0,0,0,28
2015-05-01,주간,금,2,4,2,0,0,충남,청양군,차량단독,도로이탈,안전운전 의무 불이행,단일로,기타단일로,승용차,없음,126.8511,36.5443,충남청양군,1,승용차없음,0,0,0,174
2015-05-03,야간,일,1,4,1,1,1,충북,충주시,차량단독,공작물충돌,안전운전 의무 불이행,단일로,기타단일로,승용차,없음,127.8869,37.1126,충북충주시,1,승용차없음,0,1,0,6
2015-05-03,주간,일,2,3,1,0,0,울산,울주군,차대사람,길가장자리구역통행중,안전운전 의무 불이행,단일로,기타단일로,승용차,보행자,129.2195,35.487,울산울주군,1,승용차보행자,0,1,0,17
2015-05-03,주간,일,1,4,2,0,1,전남,여수시,차대차,정면충돌,중앙선 침범,단일로,기타단일로,승용차,승용차,127.5844,34.7862,전남여수시,1,승용차승용차,0,1,0,102
2015-05-03,야간,일,1,5,2,2,0,대구,수성구,차대차,추돌,안전운전 의무 불이행,단일로,기타단일로,승용차,승용차,128.6251,35.8467,대구수성구,1,승용차승용차,0,1,0,37
2015-05-05,주간,화,1,3,2,0,0,경남,합천군,차량단독,도로이탈,안전운전 의무 불이행,단일로,기타단일로,화물차,없음,128.2867,35.5578,경남합천군,1,화물차없음,0,1,0,133
2015-05-06,야간,수,1,3,2,0,0,경기,안산시,차량단독,공작물충돌,안전운전 의무 불이행,단일로,기타단일로,승용차,없음,126.8484,37.3034,경기안산시,1,승용차없음,0,0,0,2
2015-05-07,야간,목,1,8,0,7,0,충남,서산시,차량단독,공작물충돌,정비불량 제차의 운전금지위반,단일로,기타단일로,승합차,없음,126.5589,36.6963,충남서산시,1,승합차없음,0,0,0,69
2015-05-07,주간,목,1,4,2,1,0,충남,천안시,차대차,추돌,안전운전 의무 불이행,교차로,교차로내,화물차,승용차,127.1323,36.9486,충남천안시,1,화물차승용차,0,0,0,63
2015-05-07,주간,목,1,5,0,4,0,전남,해남군,차대차,기타,안전운전 의무 불이행,단일로,기타단일로,화물차,승용차,126.6225,34.6359,전남해남군,1,화물차승용차,0,0,0,119
2015-05-07,야간,목,1,4,2,0,1,경북,성주군,차대차,기타,중앙선 침범,단일로,기타단일로,특수차,승용차,128.3266,35.8383,경북성주군,1,특수차승용차,0,0,0,168
2015-05-10,야간,일,1,3,2,0,0,경기,김포시,차대사람,횡단중,안전운전 의무 불이행,교차로,교차로부근,승용차,보행자,126.6137,37.6849,경기김포시,1,승용차보행자,0,1,0,47
2015-05-12,주간,화,1,5,1,3,0,광주,북구,차대차,정면충돌,중앙선 침범,단일로,기타단일로,승용차,승용차,126.8825,35.1744,광주북구,1,승용차승용차,0,0,0,137
2015-05-12,주간,화,2,3,1,0,0,전북,완주군,차대차,측면충돌,신호위반,교차로,교차로내,건설기계,승합차,127.0361,35.8242,전북완주군,1,건설기계승합차,0,0,0,28
2015-05-14,야간,목,1,7,1,4,1,경북,칠곡군,차대차,측면충돌,안전운전 의무 불이행,교차로,교차로내,승용차,승용차,128.4106,36.0833,경북칠곡군,1,승용차승용차,0,0,0,21
2015-05-15,주간,금,2,3,1,0,0,전북,진안군,차량단독,도로이탈,안전운전 의무 불이행,단일로,기타단일로,승용차,없음,127.4282,35.7546,전북진안군,1,승용차없음,0,0,0,192
2015-05-15,야간,금,1,4,2,1,0,충남,금산군,차대차,기타,안전운전 의무 불이행,단일로,기타단일로,승용차,승용차,127.5538,36.0574,충남금산군,1,승용차승용차,0,0,0,68
2015-05-16,야간,토,1,3,2,0,0,대구,달성군,차대차,측면충돌,안전운전 의무 불이행,교차로,교차로내,화물차,승용차,128.4535,35.7298,대구달성군,1,화물차승용차,0,1,0,30
2015-05-16,야간,토,1,4,1,2,0,경기,화성시,차대차,측면충돌,신호위반,교차로,교차로내,이륜차,승용차,127.0706,37.2097,경기화성시,1,이륜차승용차,0,1,0,50
2015-05-16,주간,토,1,3,2,0,0,광주,광산구,차대차,측면충돌,교차로 통행방법 위반,교차로,교차로내,화물차,화물차,126.7895,35.1957,광주광산구,1,화물차화물차,0,1,0,135
2015-05-16,야간,토,2,4,2,0,0,경기,의정부시,차대차,측면충돌,안전운전 의무 불이행,교차로,교차로내,승용차,승용차,127.0352,37.7328,경기의정부시,1,승용차승용차,0,1,0,64
2015-05-17,야간,일,3,4,1,0,0,경남,사천시,차대차,추돌,안전운전 의무 불이행,단일로,기타단일로,승용차,승용차,128.0569,34.9846,경남사천시,1,승용차승용차,0,1,0,57
2015-05-18,주간,월,2,5,2,1,0,전남,영암군,차대차,측면충돌,중앙선 침범,교차로,교차로부근,승용차,승용차,126.4771,34.7468,전남영암군,1,승용차승용차,0,0,0,16
2015-05-19,주간,화,1,3,2,0,0,경기,양주시,차대차,측면충돌,교차로 통행방법 위반,교차로,교차로내,승용차,승용차,126.9913,37.7948,경기양주시,1,승용차승용차,0,0,0,59
2015-05-20,주간,수,1,3,2,0,0,충남,아산시,차대차,추돌,안전운전 의무 불이행,단일로,기타단일로,화물차,건설기계,126.9834,36.6537,충남아산시,1,화물차건설기계,0,0,0,53
2015-05-20,야간,수,2,3,0,1,0,전남,여수시,차대차,측면충돌,신호위반,교차로,교차로내,승합차,이륜차,127.6357,34.7608,전남여수시,1,승합차이륜차,0,0,0,102
2015-05-24,주간,일,1,6,5,0,0,강원,양양군,차대차,추돌,직진 및 우회전차의 통행방해,교차로,교차로내,승용차,승용차,128.4542,38.0774,강원양양군,1,승용차승용차,0,1,0,164
2015-05-24,주간,일,1,5,1,3,0,광주,북구,차대차,측면충돌,신호위반,교차로,교차로내,승용차,승용차,126.8712,35.2123,광주북구,1,승용차승용차,0,1,0,137
2015-05-24,야간,일,1,3,2,0,0,경북,영주시,차대차,정면충돌,중앙선 침범,단일로,기타단일로,승용차,승용차,128.5666,36.9121,경북영주시,1,승용차승용차,0,1,0,113
2015-05-25,야간,월,1,3,2,0,0,강원,속초시,차량단독,공작물충돌,안전운전 의무 불이행,단일로,기타단일로,이륜차,없음,128.6078,38.1681,강원속초시,1,이륜차없음,0,1,0,104
2015-05-26,주간,화,1,4,0,3,0,제주,제주시,차대차,추돌,안전운전 의무 불이행,단일로,기타단일로,화물차,화물차,126.8253,33.5355,제주제주시,1,화물차화물차,0,0,0,90
2015-05-26,주간,화,3,4,1,0,0,전남,순천시,차대차,기타,중앙선 침범,단일로,기타단일로,승용차,화물차,127.203,35.0869,전남순천시,1,승용차화물차,0,0,0,27
2015-05-27,주간,수,2,5,3,0,0,충남,태안군,차대차,정면충돌,중앙선 침범,교차로,교차로부근,승용차,건설기계,126.2875,36.6936,충남태안군,1,승용차건설기계,0,0,0,169
2015-05-28,주간,목,1,4,0,3,0,부산,강서구,차대차,추돌,안전운전 의무 불이행,교차로,교차로내,승용차,화물차,128.8782,35.1125,부산강서구,1,승용차화물차,0,0,0,206
2015-05-29,야간,금,1,4,1,2,0,충남,당진시,차량단독,공작물충돌,안전운전 의무 불이행,교차로,교차로내,승용차,없음,126.6076,36.847,충남당진시,1,승용차없음,0,0,0,46
2015-05-30,야간,토,1,4,0,3,0,부산,연제구,차대차,측면충돌,중앙선 침범,단일로,기타단일로,승용차,이륜차,129.0827,35.1838,부산연제구,1,승용차이륜차,0,1,0,221
2015-05-31,주간,일,1,7,3,3,0,대전,대덕구,차대차,추돌,안전운전 의무 불이행,단일로,기타단일로,승합차,승용차,127.417,36.4262,대전대덕구,1,승합차승용차,0,1,0,77
2015-05-31,주간,일,1,3,2,0,0,경남,산청군,차대차,정면충돌,중앙선 침범,단일로,교량위,승용차,화물차,127.9629,35.282,경남산청군,1,승용차화물차,0,1,0,224
2015-06-05,주간,금,1,3,2,0,0,강원,동해시,차량단독,전도전복,안전운전 의무 불이행,단일로,기타단일로,화물차,없음,129.0097,37.5124,강원동해시,1,화물차없음,0,0,0,210
2015-06-07,야간,일,1,5,0,4,0,울산,남구,차대차,정면충돌,중앙선 침범,단일로,터널안,승용차,승합차,129.267,35.5373,울산남구,1,승용차승합차,0,1,0,213
2015-06-08,주간,월,1,7,3,3,0,전남,구례군,차대차,정면충돌,중앙선 침범,단일로,기타단일로,승합차,승용차,127.4574,35.1768,전남구례군,1,승합차승용차,0,0,0,161
2015-06-08,야간,월,1,4,0,3,0,경기,양평군,차대차,정면충돌,중앙선 침범,단일로,기타단일로,승용차,승용차,127.5866,37.4759,경기양평군,1,승용차승용차,0,0,0,48
2015-06-12,야간,금,1,3,2,0,0,경북,구미시,차대차,기타,신호위반,교차로,교차로내,이륜차,승용차,128.3854,36.1109,경북구미시,1,이륜차승용차,0,0,0,144
2015-06-12,주간,금,2,3,1,0,0,충남,태안군,차대차,추돌,안전운전 의무 불이행,단일로,기타단일로,건설기계,특수차,126.3181,36.6071,충남태안군,1,건설기계특수차,0,0,0,169
2015-06-12,야간,금,1,4,3,0,0,경남,함안군,차대차,측면충돌,안전운전 의무 불이행,단일로,기타단일로,승용차,승용차,128.5026,35.3109,경남함안군,1,승용차승용차,0,0,0,117
2015-06-14,야간,일,1,3,2,0,0,경남,진주시,차대사람,보도통행중,안전운전 의무 불이행,단일로,기타단일로,승용차,보행자,128.0755,35.1896,경남진주시,1,승용차보행자,0,1,0,42
2015-06-15,주간,월,1,4,3,0,0,충남,서산시,차량단독,도로이탈,안전운전 의무 불이행,단일로,기타단일로,화물차,없음,126.3973,36.6679,충남서산시,1,화물차없음,0,0,0,69
2015-06-16,주간,화,1,5,3,1,0,충남,서산시,차대차,정면충돌,중앙선 침범,단일로,기타단일로,승용차,승합차,126.4096,36.7239,충남서산시,1,승용차승합차,0,0,0,69
2015-06-17,주간,수,1,4,3,0,0,경기,포천시,차대차,추돌,안전운전 의무 불이행,단일로,기타단일로,화물차,화물차,127.3092,37.96,경기포천시,1,화물차화물차,0,0,0,171
2015-06-18,주간,목,1,6,0,4,1,경기,김포시,차대차,기타,중앙선 침범,교차로,교차로부근,화물차,승합차,126.6189,37.6502,경기김포시,1,화물차승합차,0,0,0,47
2015-06-19,주간,금,2,4,1,1,0,전남,여수시,차대차,추돌,안전운전 의무 불이행,단일로,기타단일로,화물차,승용차,127.6332,34.8054,전남여수시,1,화물차승용차,0,0,0,102
2015-06-20,야간,토,1,3,2,0,0,전남,함평군,차대차,추돌,안전운전 의무 불이행,단일로,기타단일로,승용차,승용차,126.5925,35.1833,전남함평군,1,승용차승용차,0,1,0,157
2015-06-23,주간,화,1,3,2,0,0,전북,익산시,차대차,측면충돌,신호위반,교차로,교차로내,원동기장치자전거,화물차,126.9489,36.0521,전북익산시,1,원동기장치자전거화물차,0,0,0,125
2015-06-23,야간,화,1,6,3,1,1,충남,금산군,차대차,기타,안전운전 의무 불이행,단일로,기타단일로,화물차,승합차,127.5677,36.0381,충남금산군,1,화물차승합차,0,0,0,68
2015-06-24,주간,수,1,3,2,0,0,충북,증평군,차대차,정면충돌,중앙선 침범,단일로,기타단일로,승용차,화물차,127.6195,36.7346,충북증평군,1,승용차화물차,0,0,0,138
2015-06-26,야간,금,1,4,2,0,1,경기,부천시,차대차,측면충돌,안전운전 의무 불이행,단일로,기타단일로,화물차,승용차,126.7613,37.5242,경기부천시,1,화물차승용차,0,0,0,65
2015-06-27,주간,토,1,4,1,2,0,충남,예산군,차대차,측면충돌,신호위반,교차로,교차로내,승용차,승용차,126.7507,36.6656,충남예산군,1,승용차승용차,0,1,0,187
2015-06-28,야간,일,2,4,1,1,0,인천,남동구,차대차,측면충돌,안전거리 미확보,단일로,기타단일로,승용차,이륜차,126.7129,37.4494,인천남동구,1,승용차이륜차,0,1,0,29
2015-06-28,주간,일,1,4,1,1,1,경북,경주시,차대차,기타,중앙선 침범,단일로,기타단일로,승용차,승합차,129.3155,35.7898,경북경주시,1,승용차승합차,0,1,0,100
2015-06-28,야간,일,2,3,1,0,0,경기,광주시,차대차,정면충돌,중앙선 침범,단일로,기타단일로,승용차,승용차,127.2204,37.403,경기광주시,1,승용차승용차,0,1,0,9
2015-06-30,주간,화,3,4,1,0,0,경북,안동시,차량단독,도로이탈,안전운전 의무 불이행,단일로,기타단일로,승용차,없음,128.7982,36.538,경북안동시,1,승용차없음,0,0,0,66
2015-07-01,야간,수,1,4,2,1,0,광주,서구,차대차,측면충돌,기타(운전자법규위반),단일로,기타단일로,승용차,승용차,126.8322,35.1402,광주서구,1,승용차승용차,0,0,0,222
2015-07-03,야간,금,1,4,2,1,0,서울,은평구,차대차,추돌,안전운전 의무 불이행,교차로,교차로내,승용차,승용차,126.8824,37.591,서울은평구,1,승용차승용차,0,0,0,139
2015-07-05,주간,일,1,3,2,0,0,충북,음성군,차량단독,공작물충돌,안전운전 의무 불이행,단일로,기타단일로,승용차,없음,127.6147,37.0792,충북음성군,1,승용차없음,0,1,0,110
2015-07-05,주간,일,1,6,0,5,0,충북,청주시,차대차,측면충돌,신호위반,교차로,교차로내,승용차,이륜차,127.4773,36.6101,충북청주시,1,승용차이륜차,0,1,0,83
2015-07-05,주간,일,1,5,4,0,0,강원,강릉시,차량단독,공작물충돌,안전운전 의무 불이행,단일로,기타단일로,승용차,없음,129.014,37.5926,강원강릉시,1,승용차없음,0,1,0,194
2015-07-07,주간,화,1,4,3,0,0,충남,보령시,차량단독,도로이탈,안전운전 의무 불이행,단일로,기타단일로,승용차,없음,126.5509,36.3467,충남보령시,1,승용차없음,0,0,0,136
2015-07-10,주간,금,2,5,1,1,1,경북,칠곡군,차대차,추돌,안전운전 의무 불이행,단일로,기타단일로,화물차,화물차,128.4345,35.9757,경북칠곡군,1,화물차화물차,0,0,0,21
2015-07-17,주간,금,1,6,5,0,0,경남,통영시,차대차,측면충돌,안전운전 의무 불이행,교차로,교차로내,화물차,승용차,128.405,34.8967,경남통영시,1,화물차승용차,0,0,0,212
2015-07-17,주간,금,1,6,0,5,0,충북,음성군,차대차,추돌,안전운전 의무 불이행,교차로,교차로부근,승용차,승용차,127.6162,36.8359,충북음성군,1,승용차승용차,0,0,0,110
2015-07-17,주간,금,1,4,2,1,0,충북,청주시,차량단독,공작물충돌,안전운전 의무 불이행,단일로,기타단일로,승용차,없음,127.7102,36.6749,충북청주시,1,승용차없음,0,0,0,83
2015-07-22,야간,수,1,3,2,0,0,경기,시흥시,차대사람,횡단중,안전운전 의무 불이행,교차로,교차로내,승용차,보행자,126.7486,37.3395,경기시흥시,1,승용차보행자,0,0,0,73
2015-07-23,야간,목,1,3,2,0,0,경기,시흥시,차대차,정면충돌,안전운전 의무 불이행,단일로,기타단일로,승용차,승용차,126.7682,37.4028,경기시흥시,1,승용차승용차,0,0,0,73
2015-07-24,주간,금,1,3,2,0,0,대구,북구,차대차,측면충돌,중앙선 침범,단일로,기타단일로,승용차,승용차,128.5519,35.9608,대구북구,1,승용차승용차,0,0,0,112
2015-07-25,주간,토,1,4,1,1,1,서울,마포구,차량단독,전도전복,안전운전 의무 불이행,단일로,기타단일로,승용차,없음,126.8782,37.5792,서울마포구,1,승용차없음,0,1,0,159
2015-07-25,주간,토,1,5,3,1,0,전남,구례군,차대차,추돌,안전운전 의무 불이행,단일로,터널안,승합차,화물차,127.4225,35.2463,전남구례군,1,승합차화물차,0,1,0,161
2015-07-26,야간,일,2,3,1,0,0,전남,고흥군,차대차,추돌,안전운전 의무 불이행,단일로,교량위,이륜차,화물차,127.2128,34.6509,전남고흥군,1,이륜차화물차,0,1,0,191
2015-07-27,야간,월,1,4,2,1,0,경기,수원시,차대차,기타,신호위반,교차로,교차로내,승용차,승용차,127.0163,37.2951,경기수원시,1,승용차승용차,0,0,0,99
2015-07-27,야간,월,1,4,3,0,0,전남,광양시,차대차,정면충돌,중앙선 침범,단일로,기타단일로,승용차,승용차,127.6204,34.9602,전남광양시,1,승용차승용차,0,0,0,130
2015-07-28,주간,화,3,3,0,0,0,경기,김포시,차대차,기타,안전운전 의무 불이행,단일로,기타단일로,승용차,화물차,126.7086,37.6407,경기김포시,1,승용차화물차,0,0,0,47
2015-07-29,야간,수,1,3,2,0,0,충북,청주시,차대사람,횡단중,안전운전 의무 불이행,단일로,기타단일로,승용차,보행자,127.4504,36.6343,충북청주시,1,승용차보행자,0,0,0,83
2015-07-30,야간,목,1,4,2,1,0,전남,무안군,차대차,정면충돌,안전운전 의무 불이행,교차로,교차로내,화물차,승용차,126.5111,34.9628,전남무안군,1,화물차승용차,0,0,0,101
2015-07-31,주간,금,1,3,2,0,0,제주,서귀포시,차대사람,횡단중,보행자 보호의무 위반,교차로,교차로부근,승용차,보행자,126.5713,33.2495,제주서귀포시,1,승용차보행자,0,0,0,62
2015-08-01,주간,토,1,4,3,0,0,전남,진도군,차대차,측면충돌,교차로 통행방법 위반,교차로,교차로내,화물차,화물차,126.1906,34.4673,전남진도군,1,화물차화물차,0,1,0,71
2015-08-02,야간,일,2,3,1,0,0,대구,남구,차대차,측면충돌,중앙선 침범,단일로,기타단일로,자전거,이륜차,128.5697,35.8487,대구남구,1,자전거이륜차,0,1,0,145
2015-08-03,주간,월,1,4,0,3,0,경기,양평군,차대차,측면충돌,교차로 통행방법 위반,교차로,교차로내,승용차,승용차,127.5003,37.4829,경기양평군,1,승용차승용차,0,0,0,48
2015-08-04,야간,화,1,5,3,1,0,충남,태안군,차대차,정면충돌,중앙선 침범,교차로,교차로부근,승용차,화물차,126.3004,36.7434,충남태안군,1,승용차화물차,0,0,0,169
2015-08-04,야간,화,1,3,2,0,0,경기,파주시,차대차,정면충돌,중앙선 침범,단일로,기타단일로,승용차,승용차,126.7187,37.8008,경기파주시,1,승용차승용차,0,0,0,175
2015-08-04,주간,화,1,4,3,0,0,광주,북구,차대차,측면충돌,안전운전 의무 불이행,단일로,기타단일로,승용차,승용차,126.8691,35.2202,광주북구,1,승용차승용차,0,0,0,137
2015-08-05,주간,수,1,4,0,3,0,전남,무안군,차대차,측면충돌,신호위반,교차로,교차로내,승용차,승용차,126.3497,34.9618,전남무안군,1,승용차승용차,0,0,0,101
2015-08-05,주간,수,1,3,2,0,0,충남,논산시,차대차,추돌,안전운전 의무 불이행,교차로,교차로부근,화물차,승용차,127.0846,36.1959,충남논산시,1,화물차승용차,0,0,0,61
2015-08-06,주간,목,1,4,1,2,0,경기,안성시,차대차,측면충돌,직진 및 우회전차의 통행방해,교차로,교차로내,승합차,화물차,127.418,37.0731,경기안성시,1,승합차화물차,0,0,0,23
2015-08-06,야간,목,2,6,1,3,0,전북,완주군,차대차,추돌,과속,단일로,기타단일로,승용차,승합차,127.0861,35.9406,전북완주군,1,승용차승합차,0,0,0,28
2015-08-07,야간,금,1,4,3,0,0,경기,양주시,차량단독,공작물충돌,과속,단일로,기타단일로,승용차,없음,127.0771,37.791,경기양주시,1,승용차없음,0,0,0,59
2015-08-07,주간,금,1,4,3,0,0,강원,춘천시,차대차,추돌,안전운전 의무 불이행,단일로,기타단일로,화물차,승용차,127.7833,37.7698,강원춘천시,1,화물차승용차,0,0,0,111
2015-08-08,주간,토,2,5,2,1,0,전남,고흥군,차대차,정면충돌,중앙선 침범,단일로,기타단일로,화물차,승용차,127.4222,34.5302,전남고흥군,1,화물차승용차,0,1,0,191
2015-08-13,주간,목,1,6,4,1,0,경기,평택시,차대차,정면충돌,안전운전 의무 불이행,교차로,교차로내,승합차,승용차,127.0709,36.9959,경기평택시,1,승합차승용차,0,0,0,14
2015-08-14,주간,금,1,3,2,0,0,전북,전주시,차량단독,공작물충돌,안전운전 의무 불이행,단일로,기타단일로,승용차,없음,127.1815,35.8456,전북전주시,1,승용차없음,0,0,0,11
2015-08-14,주간,금,1,5,1,3,0,충북,청주시,차대차,추돌,안전거리 미확보,단일로,기타단일로,승합차,화물차,127.3805,36.6343,충북청주시,1,승합차화물차,0,0,0,83
2015-08-15,주간,토,1,3,2,0,0,전남,영광군,차대차,정면충돌,중앙선 침범,단일로,기타단일로,승용차,화물차,126.4887,35.2616,전남영광군,1,승용차화물차,0,1,0,127
2015-08-15,주간,토,1,7,3,3,0,충남,천안시,차대차,추돌,안전운전 의무 불이행,기타,기타,화물차,승합차,127.1148,36.6712,충남천안시,1,화물차승합차,0,1,0,63
2015-08-15,야간,토,1,4,2,0,1,경남,남해군,차대차,측면충돌,중앙선 침범,단일로,기타단일로,화물차,승용차,127.8939,34.8677,경남남해군,1,화물차승용차,0,1,0,197
2015-08-17,주간,월,1,6,3,2,0,경기,하남시,차대차,기타,안전운전 의무 불이행,교차로,교차로부근,화물차,승용차,127.2187,37.5485,경기하남시,1,화물차승용차,0,0,0,67
2015-08-17,주간,월,1,4,1,2,0,제주,제주시,차대차,측면충돌,직진 및 우회전차의 통행방해,교차로,교차로내,승용차,승합차,126.3215,33.4645,제주제주시,1,승용차승합차,0,0,0,90
2015-08-18,주간,화,1,3,2,0,0,부산,서구,차대사람,길가장자리구역통행중,안전운전 의무 불이행,단일로,기타단일로,승용차,보행자,129.0206,35.114,부산서구,1,승용차보행자,0,0,0,226
2015-08-18,주간,화,1,3,2,0,0,대전,동구,차대차,추돌,안전운전 의무 불이행,단일로,기타단일로,화물차,화물차,127.4605,36.3172,대전동구,1,화물차화물차,0,0,0,80
2015-08-19,주간,수,1,7,3,3,0,경기,안성시,차대차,추돌,안전운전 의무 불이행,단일로,기타단일로,화물차,화물차,127.1958,37.0581,경기안성시,1,화물차화물차,0,0,0,23
2015-08-19,야간,수,1,6,1,4,0,경기,안양시,차대차,기타,안전거리 미확보,단일로,기타단일로,승합차,승합차,126.9197,37.4009,경기안양시,1,승합차승합차,0,0,0,151
2015-08-21,야간,금,1,5,1,3,0,전남,여수시,차대차,정면충돌,중앙선 침범,단일로,기타단일로,화물차,화물차,127.7378,34.8524,전남여수시,1,화물차화물차,0,0,0,102
2015-08-21,야간,금,1,4,0,3,0,경기,안양시,차대차,측면충돌,교차로 통행방법 위반,교차로,교차로내,승용차,이륜차,126.9663,37.4029,경기안양시,1,승용차이륜차,0,0,0,151
2015-08-22,야간,토,1,5,4,0,0,경남,함양군,차대차,정면충돌,중앙선 침범,단일로,기타단일로,승용차,승용차,127.6412,35.5301,경남함양군,1,승용차승용차,0,1,0,108
2015-08-23,야간,일,1,3,2,0,0,경기,남양주시,차량단독,공작물충돌,안전운전 의무 불이행,단일로,기타단일로,화물차,없음,127.1673,37.5938,경기남양주시,1,화물차없음,0,1,0,70
2015-08-24,야간,월,1,4,2,1,0,전북,무주군,차대차,기타,교차로 통행방법 위반,교차로,교차로내,화물차,화물차,127.6521,35.9743,전북무주군,1,화물차화물차,0,0,0,182
2015-08-27,주간,목,1,5,1,1,2,경기,김포시,차대차,추돌,안전거리 미확보,단일로,기타단일로,승용차,승용차,126.7174,37.6368,경기김포시,1,승용차승용차,0,0,0,47
2015-08-27,주간,목,1,5,4,0,0,제주,제주시,차대차,기타,과속,교차로,교차로내,승용차,승용차,126.7385,33.5544,제주제주시,1,승용차승용차,0,0,0,90
2015-08-27,야간,목,1,3,2,0,0,전남,화순군,차대차,추돌,안전운전 의무 불이행,단일로,기타단일로,화물차,화물차,127.0028,35.0401,전남화순군,1,화물차화물차,0,0,0,88
2015-08-28,주간,금,1,3,2,0,0,경기,김포시,차대차,추돌,안전거리 미확보,단일로,지하차도(도로)내,화물차,화물차,126.6997,37.6499,경기김포시,1,화물차화물차,0,0,0,47
2015-08-30,주간,일,1,5,1,3,0,경기,남양주시,차대차,추돌,중앙선 침범,단일로,기타단일로,승용차,승합차,127.1478,37.6618,경기남양주시,1,승용차승합차,0,1,0,70
2015-08-30,주간,일,2,3,0,1,0,강원,고성군,차대차,추돌,과속,단일로,기타단일로,승용차,승용차,128.4534,38.2147,강원고성군,1,승용차승용차,0,1,0,217
2015-08-30,주간,일,1,6,2,3,0,충남,논산시,차대차,정면충돌,중앙선 침범,단일로,기타단일로,승용차,승용차,127.1494,36.1681,충남논산시,1,승용차승용차,0,1,0,61
2015-08-30,야간,일,1,5,2,2,0,제주,제주시,차대차,추돌,안전운전 의무 불이행,단일로,기타단일로,승합차,농기계,126.198,33.364,제주제주시,1,승합차농기계,0,1,0,90
2015-08-31,주간,월,1,4,2,0,1,서울,강남구,차대차,기타,안전운전 의무 불이행,단일로,기타단일로,승용차,승용차,127.1158,37.4659,서울강남구,1,승용차승용차,0,0,0,89
2015-08-31,주간,월,2,3,0,1,0,경기,남양주시,차대차,추돌,안전거리 미확보,단일로,터널안,승용차,건설기계,127.3201,37.6446,경기남양주시,1,승용차건설기계,0,0,0,70
2015-09-01,주간,화,2,3,1,0,0,충북,음성군,차대차,측면충돌,신호위반,교차로,교차로내,건설기계,화물차,127.5483,36.9055,충북음성군,1,건설기계화물차,0,0,0,110
2015-09-02,야간,수,1,4,2,1,0,제주,서귀포시,차대차,기타,과속,교차로,교차로내,승용차,승용차,126.8292,33.3329,제주서귀포시,1,승용차승용차,0,0,0,62
2015-09-02,주간,수,1,5,4,0,0,강원,홍천군,차대차,측면충돌,신호위반,교차로,교차로내,건설기계,승용차,127.955,37.7631,강원홍천군,1,건설기계승용차,0,0,0,82
2015-09-03,주간,목,2,4,0,2,0,경남,통영시,차대차,측면충돌,신호위반,교차로,교차로내,승용차,화물차,128.4134,34.8768,경남통영시,1,승용차화물차,0,0,0,212
2015-09-06,야간,일,1,5,3,1,0,부산,부산진구,차대차,기타,신호위반,교차로,교차로내,승용차,승용차,129.032,35.1538,부산부산진구,1,승용차승용차,0,1,0,163