발생년월일,주야,요일,사망자수,사상자수,중상자수,경상자수,부상신고자수,발생지시도,발생지시군구,사고유형_대분류,사고유형_중분류,법규위반,도로형태_대분류,도로형태,당사자종별_1당_대분류,당사자종별_2당_대분류,경도,위도,발생지,사고피해정도,사고차량타입,도시여부,주말/공휴일,인구수,발생지번호
2012-09-24,야간,월,2,3,1,0,0,경북,상주시,차량단독,공작물충돌,안전운전 의무 불이행,단일로,기타단일로,승용차,없음,128.1517,36.3843,경북상주시,1,승용차없음,0,0,0,58
2012-09-26,주간,수,1,4,3,0,0,경기,수원시,차량단독,공작물충돌,중앙선 침범,단일로,기타단일로,승용차,없음,127.019,37.3163,경기수원시,1,승용차없음,0,0,0,99
2012-08-04,야간,토,2,4,2,0,0,경기,남양주시,차량단독,전도전복,안전운전 의무 불이행,단일로,기타단일로,승용차,없음,127.1719,37.5932,경기남양주시,1,승용차없음,0,1,0,70
2012-07-12,주간,목,1,5,4,0,0,부산,사상구,차대차,측면직각충돌,중앙선 침범,단일로,기타단일로,승용차,승용차,128.9742,35.1575,부산사상구,1,승용차승용차,0,0,0,120
2012-07-10,주간,화,1,3,2,0,0,경북,영천시,차대차,기타,과속,교차로,교차로내,승용차,이륜차,128.9931,35.8646,경북영천시,1,승용차이륜차,0,0,0,5
2012-07-15,주간,일,1,4,0,3,0,전남,나주시,차대차,기타,직진 및 우회전차의 통행방해,교차로,교차로내,승용차,화물차,126.6222,34.9397,전남나주시,1,승용차화물차,0,1,0,33
2012-07-18,주간,수,1,5,2,2,0,경기,의왕시,차대차,추돌,안전운전 의무 불이행,단일로,기타단일로,화물차,화물차,126.9774,37.3428,경기의왕시,1,화물차화물차,0,0,0,199
2012-08-14,야간,화,1,5,2,2,0,경북,경주시,차량단독,공작물충돌,안전운전 의무 불이행,단일로,기타단일로,승용차,없음,129.2794,35.8357,경북경주시,1,승용차없음,0,0,0,100
2012-09-01,주간,토,1,7,2,4,0,충북,음성군,차대차,측면직각충돌,신호위반,교차로,교차로내,승용차,화물차,127.5904,36.9872,충북음성군,1,승용차화물차,0,1,0,110
2012-09-04,주간,화,1,4,3,0,0,충북,영동군,차대차,추돌,안전운전 의무 불이행,기타,기타,승용차,농기계,127.8916,36.2155,충북영동군,1,승용차농기계,0,0,0,75
2013-10-03,주간,목,1,4,1,2,0,전북,익산시,차대차,추돌,안전운전 의무 불이행,단일로,기타단일로,승용차,승용차,127.0421,36.1056,전북익산시,1,승용차승용차,0,1,0,125
2013-09-25,야간,수,2,3,1,0,0,경북,예천군,차량단독,도로이탈,안전운전 의무 불이행,단일로,기타단일로,화물차,없음,128.4621,36.8366,경북예천군,1,화물차없음,0,0,0,55
2012-08-24,주간,금,2,4,2,0,0,경북,포항시,차량단독,공작물충돌,신호위반,단일로,횡단보도부근,승용차,없음,129.3446,36.1616,경북포항시,1,승용차없음,0,0,0,160
2012-08-25,주간,토,1,4,3,0,0,경남,함양군,차대차,기타,신호위반,교차로,교차로내,승용차,승용차,127.8105,35.5118,경남함양군,1,승용차승용차,0,1,0,108
2012-08-27,주간,월,1,4,2,1,0,경북,영덕군,차대차,추돌,안전운전 의무 불이행,기타,기타,화물차,화물차,129.3821,36.4306,경북영덕군,1,화물차화물차,0,0,0,54
2012-08-05,주간,일,1,6,2,3,0,경남,김해시,차대차,측면직각충돌,신호위반,교차로,교차로내,승합차,승용차,128.9274,35.2229,경남김해시,1,승합차승용차,0,1,0,13
2013-12-19,야간,목,1,5,4,0,0,인천,남동구,차대차,추돌,안전운전 의무 불이행,교차로,교차로내,승용차,승용차,126.7184,37.4492,인천남동구,1,승용차승용차,0,0,0,29
2014-02-27,주간,목,1,4,1,2,0,경남,김해시,차대차,측면직각충돌,교차로 통행방법 위반,교차로,교차로내,이륜차,승용차,128.8846,35.2326,경남김해시,1,이륜차승용차,0,0,0,13
2012-07-30,주간,월,1,4,0,3,0,전북,순창군,차대차,정면충돌,중앙선 침범,단일로,기타단일로,승용차,승용차,127.1332,35.3637,전북순창군,1,승용차승용차,0,0,0,131
2012-06-24,주간,일,1,6,2,3,0,충북,제천시,차대차,측면직각충돌,서행 및 일시정지위반,교차로,교차로내,화물차,승용차,128.1562,37.1445,충북제천시,1,화물차승용차,0,1,0,103
2013-10-30,주간,수,1,7,2,4,0,강원,고성군,차대차,정면충돌,중앙선 침범,단일로,기타단일로,승용차,승합차,128.423,38.3776,강원고성군,1,승용차승합차,0,0,0,217
2013-12-25,야간,수,1,3,2,0,0,울산,북구,차대사람,길가장자리구역통행중,안전운전 의무 불이행,교차로,교차로부근,승용차,보행자,129.353,35.6388,울산북구,1,승용차보행자,0,1,0,158
2013-12-28,야간,토,1,4,0,3,0,광주,동구,차대차,측면직각충돌,신호위반,교차로,교차로내,승용차,승용차,126.9206,35.1545,광주동구,1,승용차승용차,0,1,0,162
2013-12-15,야간,일,1,4,3,0,0,전북,완주군,차대차,기타,교차로 통행방법 위반,교차로,교차로내,승용차,승합차,127.0551,35.9053,전북완주군,1,승용차승합차,0,1,0,28
2014-02-20,야간,목,1,9,3,1,4,경기,성남시,차대차,추돌,안전운전 의무 불이행,단일로,기타단일로,승용차,승용차,127.1585,37.4483,경기성남시,1,승용차승용차,0,0,0,95
2012-11-26,주간,월,1,3,2,0,0,충남,논산시,차대차,추돌,안전운전 의무 불이행,교차로,교차로내,화물차,승용차,127.0989,36.1081,충남논산시,1,화물차승용차,0,0,0,61
2013-11-13,주간,수,1,4,3,0,0,충남,천안시,차대차,기타,차로위반(진로변경 위반),단일로,기타단일로,승합차,화물차,127.1746,36.841,충남천안시,1,승합차화물차,0,0,0,63
2013-11-15,주간,금,1,3,2,0,0,서울,은평구,차대사람,기타,안전운전 의무 불이행,단일로,기타단일로,이륜차,보행자,126.9389,37.6105,서울은평구,1,이륜차보행자,0,0,0,139
2012-08-01,야간,수,1,5,2,2,0,충북,청원군,차대차,정면충돌,중앙선 침범,단일로,기타단일로,승용차,승용차,127.4632,36.6,충북청주시,1,승용차승용차,0,0,0,83
2012-06-12,주간,화,1,4,0,3,0,충남,부여군,차대차,정면충돌,중앙선 침범,단일로,기타단일로,건설기계,승용차,126.9828,36.1634,충남부여군,1,건설기계승용차,0,0,0,129
2012-06-16,야간,토,1,5,4,0,0,경기,안성시,차대차,정면충돌,중앙선 침범,단일로,기타단일로,승용차,승용차,127.3031,37.0021,경기안성시,1,승용차승용차,0,1,0,23
2012-07-07,주간,토,1,3,2,0,0,전남,영암군,차량단독,공작물충돌,안전운전 의무 불이행,단일로,기타단일로,승용차,없음,126.4211,34.7385,전남영암군,1,승용차없음,0,1,0,16
2012-11-25,야간,일,1,3,2,0,0,부산,사하구,차대차,정면충돌,중앙선 침범,단일로,기타단일로,승용차,승용차,128.9895,35.097,부산사하구,1,승용차승용차,0,1,0,25
2012-11-13,주간,화,1,6,4,1,0,부산,영도구,차량단독,공작물충돌,안전운전 의무 불이행,단일로,기타단일로,승용차,없음,129.0756,35.0746,부산영도구,1,승용차없음,0,0,0,173
2013-08-07,야간,수,2,3,1,0,0,충남,태안군,차대사람,기타,안전운전 의무 불이행,단일로,기타단일로,승용차,보행자,126.3349,36.5014,충남태안군,1,승용차보행자,0,0,0,169
2012-11-12,주간,월,1,5,3,1,0,경기,파주시,차대차,정면충돌,신호위반,교차로,교차로내,승합차,이륜차,126.7685,37.7541,경기파주시,1,승합차이륜차,0,0,0,175
2012-10-23,주간,화,3,3,0,0,0,전북,임실군,차량단독,도로이탈,안전운전 의무 불이행,단일로,기타단일로,화물차,없음,127.3661,35.658,전북임실군,1,화물차없음,0,0,0,152
2012-08-20,야간,월,1,3,2,0,0,경기,남양주시,차대차,정면충돌,중앙선 침범,교차로,교차로부근,승용차,승용차,127.1734,37.5948,경기남양주시,1,승용차승용차,0,0,0,70
2012-08-22,주간,수,1,5,2,2,0,경남,김해시,차대차,정면충돌,중앙선 침범,교차로,교차로부근,화물차,승용차,128.8275,35.2054,경남김해시,1,화물차승용차,0,0,0,13
2012-07-29,야간,일,3,3,0,0,0,경기,포천시,차량단독,공작물충돌,안전운전 의무 불이행,교차로,교차로부근,승용차,없음,127.22,37.9195,경기포천시,1,승용차없음,0,1,0,171
2012-06-16,야간,토,1,5,2,2,0,충남,논산시,차대차,정면충돌,중앙선 침범,기타,고가도로위,승용차,승용차,127.013,36.1518,충남논산시,1,승용차승용차,0,1,0,61
2012-06-24,야간,일,2,4,2,0,0,부산,북구,차량단독,전도전복,안전운전 의무 불이행,단일로,교량위,승용차,없음,128.9978,35.2014,부산북구,1,승용차없음,0,1,0,118
2012-05-20,야간,일,1,6,5,0,0,부산,수영구,차량단독,공작물충돌,안전운전 의무 불이행,교차로,교차로부근,승용차,없음,129.1119,35.1363,부산수영구,1,승용차없음,0,1,0,45
2013-11-12,야간,화,2,4,2,0,0,강원,정선군,차량단독,공작물충돌,과속,단일로,기타단일로,승용차,없음,128.8024,37.2269,강원정선군,1,승용차없음,0,0,0,198
2012-11-26,야간,월,2,3,1,0,0,경남,함안군,차대차,측면직각충돌,안전운전 의무 불이행,단일로,기타단일로,특수차,승용차,128.5273,35.3096,경남함안군,1,특수차승용차,0,0,0,117
2012-09-14,주간,금,1,4,0,3,0,대구,북구,차대차,추돌,안전운전 의무 불이행,교차로,교차로부근,화물차,화물차,128.5373,35.8952,대구북구,1,화물차화물차,0,0,0,112
2012-09-12,주간,수,1,3,2,0,0,충남,아산시,차대차,측면직각충돌,신호위반,교차로,교차로내,승용차,화물차,127.0093,36.8314,충남아산시,1,승용차화물차,0,0,0,53
2012-08-09,주간,목,1,3,2,0,0,충남,태안군,차대사람,기타,안전운전 의무 불이행,단일로,기타단일로,승용차,보행자,126.326,36.5826,충남태안군,1,승용차보행자,0,0,0,169
2013-10-13,주간,일,1,4,2,1,0,전북,전주시,차대차,측면직각충돌,신호위반,교차로,교차로내,승용차,승용차,127.1069,35.8323,전북전주시,1,승용차승용차,0,1,0,11
2013-09-08,야간,일,1,5,0,4,0,강원,원주시,차대차,정면충돌,신호위반,교차로,교차로내,승용차,승용차,127.9518,37.3972,강원원주시,1,승용차승용차,0,1,0,36
2012-07-29,야간,일,1,3,2,0,0,경기,시흥시,차대차,기타,교차로 통행방법 위반,교차로,교차로내,승용차,이륜차,126.7456,37.3465,경기시흥시,1,승용차이륜차,0,1,0,73
2012-08-31,야간,금,1,4,2,1,0,전남,광양시,차대차,추돌,안전운전 의무 불이행,단일로,기타단일로,승용차,승용차,127.6116,34.963,전남광양시,1,승용차승용차,0,0,0,130
2012-09-07,주간,금,2,3,0,1,0,경기,평택시,차대차,기타,신호위반,교차로,교차로내,이륜차,승용차,126.8891,36.9965,경기평택시,1,이륜차승용차,0,0,0,14
2012-09-17,주간,월,1,4,2,1,0,전북,전주시,차량단독,공작물충돌,안전운전 의무 불이행,단일로,기타단일로,승용차,없음,127.0821,35.845,전북전주시,1,승용차없음,0,0,0,11
2013-11-10,야간,일,1,3,2,0,0,경기,평택시,차량단독,도로이탈,안전운전 의무 불이행,단일로,기타단일로,화물차,없음,126.894,37.0467,경기평택시,1,화물차없음,0,1,0,14
2014-03-22,주간,토,1,4,1,2,0,서울,노원구,차대차,기타,중앙선 침범,단일로,기타단일로,승용차,승용차,127.0631,37.6201,서울노원구,1,승용차승용차,0,1,0,18
2013-12-14,야간,토,1,4,2,1,0,경기,안산시,차량단독,전도전복,안전운전 의무 불이행,단일로,기타단일로,승용차,없음,126.852,37.3092,경기안산시,1,승용차없음,0,1,0,2
2013-12-12,주간,목,1,3,2,0,0,강원,고성군,차량단독,전도전복,안전운전 의무 불이행,단일로,기타단일로,승용차,없음,128.4489,38.3001,강원고성군,1,승용차없음,0,0,0,217
2012-07-02,주간,월,1,4,1,2,0,경기,이천시,차량단독,전도전복,안전운전 의무 불이행,단일로,기타단일로,승용차,없음,127.596,37.1508,경기이천시,1,승용차없음,0,0,0,41
2013-03-12,야간,화,1,6,4,1,0,경기,김포시,차대차,기타,중앙선 침범,단일로,기타단일로,승용차,승용차,126.5874,37.6961,경기김포시,1,승용차승용차,0,0,0,47
2013-03-19,주간,화,1,4,3,0,0,경북,포항시,차대차,기타,안전운전 의무 불이행,교차로,교차로내,화물차,화물차,129.1983,36.1929,경북포항시,1,화물차화물차,0,0,0,160
2013-12-11,주간,수,1,3,2,0,0,전북,익산시,차대차,추돌,안전운전 의무 불이행,단일로,기타단일로,화물차,승용차,126.9369,35.922,전북익산시,1,화물차승용차,0,0,0,125
2013-12-14,야간,토,1,4,3,0,0,경기,의정부시,차대차,측면직각충돌,안전운전 의무 불이행,교차로,교차로부근,승용차,승용차,127.0498,37.7436,경기의정부시,1,승용차승용차,0,1,0,64
2014-02-25,야간,화,1,4,0,3,0,광주,광산구,차량단독,전도전복,과속,단일로,기타단일로,승용차,없음,126.7422,35.1543,광주광산구,1,승용차없음,0,0,0,135
2014-03-01,야간,토,1,4,2,1,0,서울,영등포구,차대차,측면직각충돌,안전운전 의무 불이행,단일로,기타단일로,승용차,승용차,126.9146,37.5195,서울영등포구,1,승용차승용차,0,1,0,150
2014-03-01,야간,토,1,3,2,0,0,경북,경산시,차대차,기타,안전운전 의무 불이행,교차로,교차로부근,승용차,승용차,128.7806,35.8724,경북경산시,1,승용차승용차,0,1,0,52
2014-03-05,야간,수,2,4,2,0,0,충남,당진시,차대차,추돌,안전운전 의무 불이행,교차로,교차로내,승용차,특수차,126.7111,36.9796,충남당진시,1,승용차특수차,0,0,0,46
2013-12-20,야간,금,1,5,3,1,0,전남,고흥군,차대차,기타,중앙선 침범,단일로,기타단일로,승용차,승합차,127.3575,34.6989,전남고흥군,1,승용차승합차,0,0,0,191
2013-11-02,주간,토,1,4,2,1,0,경북,김천시,차대차,측면직각충돌,안전운전 의무 불이행,단일로,기타단일로,승용차,승용차,128.0996,36.2185,경북김천시,1,승용차승용차,0,1,0,76
2013-11-16,주간,토,1,3,2,0,0,울산,울주군,차대차,추돌,안전거리 미확보,교차로,교차로부근,화물차,화물차,129.1727,35.609,울산울주군,1,화물차화물차,0,1,0,17
2013-11-20,야간,수,1,4,0,3,0,충남,천안시,차대차,기타,안전운전 의무 불이행,교차로,교차로내,승용차,화물차,127.1196,36.8394,충남천안시,1,승용차화물차,0,0,0,63
2013-03-25,야간,월,1,3,2,0,0,충북,증평군,차대차,측면직각충돌,신호위반,교차로,교차로내,승용차,승용차,127.5836,36.7872,충북증평군,1,승용차승용차,0,0,0,138
2013-03-27,야간,수,1,6,1,4,0,경남,밀양시,차대차,기타,중앙선 침범,단일로,기타단일로,승용차,승용차,128.6916,35.3833,경남밀양시,1,승용차승용차,0,0,0,177
2013-03-07,야간,목,1,3,2,0,0,경북,구미시,차대차,기타,중앙선 침범,단일로,기타단일로,승용차,승용차,128.3659,36.0867,경북구미시,1,승용차승용차,0,0,0,144
2013-08-03,야간,토,1,3,2,0,0,충북,진천군,차대사람,기타,안전운전 의무 불이행,교차로,교차로부근,승용차,보행자,127.4488,36.7608,충북진천군,1,승용차보행자,0,1,0,60
2014-03-15,야간,토,1,4,3,0,0,경남,함안군,차대차,정면충돌,중앙선 침범,단일로,기타단일로,승용차,승용차,128.37,35.2744,경남함안군,1,승용차승용차,0,1,0,117
2013-12-29,야간,일,1,3,2,0,0,경기,남양주시,차대차,기타,안전운전 의무 불이행,교차로,교차로부근,승용차,특수차,127.1982,37.6216,경기남양주시,1,승용차특수차,0,1,0,70
2012-10-23,주간,화,3,3,0,0,0,인천,서구,차대사람,기타,안전운전 의무 불이행,단일로,횡단보도부근,화물차,보행자,126.6826,37.4952,인천서구,1,화물차보행자,0,0,0,97
2012-10-14,야간,일,1,3,2,0,0,대구,동구,차대차,측면직각충돌,신호위반,교차로,교차로내,화물차,승용차,128.6807,35.8749,대구동구,1,화물차승용차,0,1,0,26
2012-10-21,야간,일,1,5,4,0,0,경기,양주시,차량단독,공작물충돌,안전운전 의무 불이행,교차로,교차로부근,승용차,없음,127.0404,37.8044,경기양주시,1,승용차없음,0,1,0,59
2012-10-19,주간,금,2,5,3,0,0,전북,익산시,차대차,측면직각충돌,신호위반,교차로,교차로내,승용차,화물차,126.9221,36.076,전북익산시,1,승용차화물차,0,0,0,125
2012-07-07,야간,토,2,3,1,0,0,경기,평택시,차대차,측면직각충돌,신호위반,교차로,교차로내,승용차,승용차,127.0804,36.9983,경기평택시,1,승용차승용차,0,1,0,14
2012-07-28,주간,토,1,5,1,2,1,경남,창녕군,차대차,측면직각충돌,교차로 통행방법 위반,교차로,교차로내,승용차,건설기계,128.4863,35.3926,경남창녕군,1,승용차건설기계,0,1,0,211
2012-06-12,야간,화,2,5,0,3,0,경기,오산시,차량단독,공작물충돌,안전운전 의무 불이행,단일로,기타단일로,승용차,없음,127.0515,37.1815,경기오산시,1,승용차없음,0,0,0,143
2012-11-12,야간,월,1,7,1,5,0,광주,북구,차대차,추돌,안전운전 의무 불이행,교차로,교차로부근,화물차,화물차,126.8588,35.2107,광주북구,1,화물차화물차,0,0,0,137
2013-08-17,야간,토,3,5,1,1,0,전남,화순군,차대차,추돌,안전운전 의무 불이행,단일로,기타단일로,승용차,농기계,127.1036,35.0111,전남화순군,1,승용차농기계,0,1,0,88
2013-08-04,주간,일,1,3,2,0,0,강원,춘천시,차량단독,공작물충돌,안전운전 의무 불이행,단일로,기타단일로,승용차,없음,127.7812,37.9655,강원춘천시,1,승용차없음,0,1,0,111
2013-10-17,주간,목,2,3,1,0,0,전북,정읍시,차대차,측면직각충돌,신호위반,교차로,교차로내,승용차,화물차,126.8834,35.6954,전북정읍시,1,승용차화물차,0,0,0,12
2012-11-06,주간,화,1,6,4,1,0,충남,당진시,차대차,정면충돌,중앙선 침범,단일로,기타단일로,화물차,화물차,126.6428,36.9994,충남당진시,1,화물차화물차,0,0,0,46
2012-09-23,주간,일,1,3,2,0,0,전북,완주군,차량단독,전도전복,안전운전 의무 불이행,단일로,기타단일로,화물차,없음,127.2454,35.7009,전북완주군,1,화물차없음,0,1,0,28
2012-08-08,야간,수,1,4,0,3,0,서울,마포구,차대차,기타,안전운전 의무 불이행,단일로,교량위,이륜차,이륜차,126.9408,37.5362,서울마포구,1,이륜차이륜차,0,0,0,159
2012-08-29,야간,수,1,3,2,0,0,서울,강남구,차대차,정면충돌,안전운전 의무 불이행,단일로,기타단일로,승용차,승용차,127.0572,37.525,서울강남구,1,승용차승용차,0,0,0,89
2013-11-13,야간,수,1,3,2,0,0,부산,강서구,차대차,기타,과속,기타,기타,승용차,화물차,128.9779,35.2114,부산강서구,1,승용차화물차,0,0,0,206
2013-10-30,주간,수,1,5,3,1,0,제주,서귀포시,차대차,측면직각충돌,안전운전 의무 불이행,교차로,교차로내,승용차,승용차,126.3798,33.3276,제주서귀포시,1,승용차승용차,0,0,0,62
2012-08-30,야간,목,2,4,1,1,0,충북,청원군,차대차,정면충돌,신호위반,교차로,교차로내,승용차,승용차,127.4299,36.711,충북청주시,1,승용차승용차,0,0,0,83
2012-09-21,주간,금,1,3,2,0,0,경남,남해군,차량단독,도로이탈,안전운전 의무 불이행,단일로,기타단일로,승용차,없음,128.0153,34.8503,경남남해군,1,승용차없음,0,0,0,197
2013-10-15,야간,화,1,3,2,0,0,경기,평택시,차대차,추돌,안전운전 의무 불이행,단일로,기타단일로,승용차,건설기계,126.8829,36.9859,경기평택시,1,승용차건설기계,0,0,0,14
2013-10-20,야간,일,1,3,2,0,0,광주,광산구,차량단독,공작물충돌,안전운전 의무 불이행,단일로,기타단일로,승용차,없음,126.7978,35.1435,광주광산구,1,승용차없음,0,1,0,135
2013-08-31,주간,토,1,4,2,1,0,경남,거제시,차량단독,전도전복,안전운전 의무 불이행,단일로,기타단일로,승용차,없음,128.595,34.8227,경남거제시,1,승용차없음,0,1,0,15
2012-06-16,야간,토,2,4,2,0,0,경남,밀양시,차대사람,길가장자리구역통행중,안전운전 의무 불이행,단일로,기타단일로,승용차,보행자,128.9287,35.492,경남밀양시,1,승용차보행자,0,1,0,177
2012-08-05,주간,일,2,3,1,0,0,충남,청양군,차대차,정면충돌,중앙선 침범,단일로,기타단일로,승용차,화물차,126.8899,36.4352,충남청양군,1,승용차화물차,0,1,0,174
2012-08-04,야간,토,1,4,3,0,0,경북,상주시,차대차,정면충돌,교차로 통행방법 위반,교차로,교차로내,화물차,승합차,128.1647,36.5573,경북상주시,1,화물차승합차,0,1,0,58
2013-12-24,야간,화,1,4,3,0,0,제주,제주시,차대차,측면직각충돌,과속,단일로,기타단일로,승용차,승용차,126.6891,33.5456,제주제주시,1,승용차승용차,0,0,0,90
2013-12-30,야간,월,1,5,2,2,0,서울,양천구,차대차,측면직각충돌,신호위반,교차로,교차로부근,승용차,화물차,126.849,37.5279,서울양천구,1,승용차화물차,0,0,0,140
2013-12-24,야간,화,1,3,2,0,0,대전,유성구,차대차,측면직각충돌,안전거리 미확보,교차로,교차로부근,승용차,승합차,127.3174,36.3117,대전유성구,1,승용차승합차,0,0,0,148
2013-12-09,야간,월,1,4,0,3,0,경기,고양시,차대차,추돌,안전운전 의무 불이행,교차로,교차로부근,화물차,화물차,126.8983,37.624,경기고양시,1,화물차화물차,0,0,0,40
2013-12-19,주간,목,1,3,2,0,0,경남,함안군,차대차,정면충돌,중앙선 침범,단일로,기타단일로,승용차,승용차,128.4597,35.3278,경남함안군,1,승용차승용차,0,0,0,117
2014-03-04,야간,화,1,3,2,0,0,경기,시흥시,차대사람,횡단중,안전운전 의무 불이행,단일로,기타단일로,승용차,보행자,126.7847,37.3457,경기시흥시,1,승용차보행자,0,0,0,73
2013-11-30,야간,토,1,4,1,2,0,서울,마포구,차대차,추돌,안전운전 의무 불이행,단일로,교량위,승용차,화물차,126.8597,37.5676,서울마포구,1,승용차화물차,0,1,0,159
2013-11-28,야간,목,2,4,1,1,0,전남,보성군,차대사람,기타,과속,단일로,교량위,승용차,보행자,127.0906,34.7478,전남보성군,1,승용차보행자,0,0,0,122
2013-11-22,주간,금,2,5,0,3,0,경기,과천시,차대차,기타,안전운전 의무 불이행,단일로,기타단일로,특수차,승용차,126.9986,37.4493,경기과천시,1,특수차승용차,0,0,0,227
2013-12-15,주간,일,1,3,2,0,0,충남,서천군,차대차,정면충돌,중앙선 침범,단일로,기타단일로,화물차,건설기계,126.7463,36.0724,충남서천군,1,화물차건설기계,0,1,0,10
2013-12-09,야간,월,1,3,2,0,0,경남,의령군,차대차,기타,중앙선 침범,단일로,기타단일로,승용차,승용차,128.2246,35.3329,경남의령군,1,승용차승용차,0,0,0,189
2014-02-18,야간,화,3,3,0,0,0,전남,여수시,차량단독,공작물충돌,안전운전 의무 불이행,단일로,기타단일로,승용차,없음,127.6945,34.7283,전남여수시,1,승용차없음,0,0,0,102
2014-02-27,야간,목,1,3,2,0,0,충북,청주시,차대차,정면충돌,중앙선 침범,단일로,기타단일로,승용차,승용차,127.5142,36.6653,충북청주시,1,승용차승용차,0,0,0,83
2014-03-01,야간,토,1,4,2,1,0,경북,안동시,차량단독,도로이탈,안전운전 의무 불이행,교차로,교차로부근,승용차,없음,128.9212,36.4603,경북안동시,1,승용차없음,0,1,0,66
2013-12-18,주간,수,1,4,2,1,0,충남,논산시,차대차,측면직각충돌,교차로 통행방법 위반,교차로,교차로내,승용차,승용차,127.0925,36.0792,충남논산시,1,승용차승용차,0,0,0,61
2012-10-10,주간,수,2,3,1,0,0,대전,서구,차량단독,전도전복,안전운전 의무 불이행,단일로,기타단일로,이륜차,없음,127.3556,36.3002,대전서구,1,이륜차없음,0,0,0,4
2013-10-25,주간,금,1,3,2,0,0,충남,태안군,차대차,측면직각충돌,안전운전 의무 불이행,단일로,기타단일로,화물차,승용차,126.2876,36.7494,충남태안군,1,화물차승용차,0,0,0,169
2013-12-31,야간,화,1,4,2,1,0,경북,경산시,차대차,기타,교차로 통행방법 위반,교차로,교차로내,화물차,승용차,128.8249,35.8715,경북경산시,1,화물차승용차,0,0,0,52
2013-11-25,야간,월,1,3,2,0,0,부산,중구,차대사람,횡단중,보행자 보호의무 위반,단일로,기타단일로,승용차,보행자,129.0252,35.1012,부산중구,1,승용차보행자,0,0,0,228
2013-12-17,야간,화,4,4,0,0,0,전남,화순군,차대차,기타,과속,단일로,기타단일로,승용차,승용차,126.9739,34.9465,전남화순군,1,승용차승용차,0,0,0,88
2014-03-12,주간,수,1,3,2,0,0,대구,달서구,차대사람,횡단중,보행자 보호의무 위반,단일로,횡단보도상,승용차,보행자,128.504,35.8355,대구달서구,1,승용차보행자,0,0,0,20
2014-03-14,야간,금,1,6,3,2,0,서울,송파구,차대차,측면직각충돌,안전거리 미확보,단일로,기타단일로,승용차,화물차,127.1198,37.4807,서울송파구,1,승용차화물차,0,0,0,156
2014-03-13,주간,목,1,3,2,0,0,전남,영광군,차대차,기타,중앙선 침범,단일로,기타단일로,승용차,승용차,126.5254,35.3055,전남영광군,1,승용차승용차,0,0,0,127
2012-10-29,주간,월,2,4,2,0,0,제주,제주시,차대차,측면직각충돌,중앙선 침범,단일로,기타단일로,승용차,화물차,126.7271,33.4422,제주제주시,1,승용차화물차,0,0,0,90
2012-10-25,주간,목,1,5,1,2,1,부산,강서구,차대차,기타,신호위반,교차로,교차로내,승용차,승합차,128.901,35.1756,부산강서구,1,승용차승합차,0,0,0,206
2012-10-22,주간,월,1,5,3,1,0,전남,여수시,차대차,측면직각충돌,중앙선 침범,교차로,교차로부근,화물차,승용차,127.6664,34.7826,전남여수시,1,화물차승용차,0,0,0,102
2012-10-04,야간,목,1,4,3,0,0,충남,아산시,차대차,측면직각충돌,신호위반,교차로,교차로내,승용차,승용차,127.0939,36.8298,충남아산시,1,승용차승용차,0,0,0,53
2012-06-16,주간,토,1,3,2,0,0,전북,익산시,차대차,측면직각충돌,신호위반,교차로,교차로내,승용차,승용차,126.9913,35.9549,전북익산시,1,승용차승용차,0,1,0,125
2013-03-18,주간,월,1,3,2,0,0,경기,화성시,차대차,측면직각충돌,신호위반,교차로,교차로내,승합차,화물차,126.9214,37.135,경기화성시,1,승합차화물차,0,0,0,50
2013-08-30,주간,금,1,4,3,0,0,전남,나주시,차량단독,공작물충돌,기타(운전자법규위반),단일로,기타단일로,승용차,없음,126.8415,35.0608,전남나주시,1,승용차없음,0,0,0,33
2013-08-11,야간,일,1,3,2,0,0,서울,용산구,차대차,추돌,기타(운전자법규위반),기타,기타,이륜차,이륜차,126.9925,37.52,서울용산구,1,이륜차이륜차,0,1,0,134
2013-08-16,주간,금,1,6,5,0,0,충남,논산시,차대차,정면충돌,중앙선 침범,단일로,기타단일로,화물차,화물차,127.0767,36.2552,충남논산시,1,화물차화물차,0,0,0,61
2013-08-17,야간,토,1,5,2,2,0,경북,문경시,차대차,추돌,안전운전 의무 불이행,단일로,기타단일로,승용차,건설기계,128.1989,36.5864,경북문경시,1,승용차건설기계,0,1,0,74
2013-09-12,주간,목,1,4,3,0,0,경북,김천시,차대차,측면직각충돌,안전거리 미확보,단일로,기타단일로,승용차,승용차,128.1716,36.1098,경북김천시,1,승용차승용차,0,0,0,76
2013-09-22,야간,일,2,4,2,0,0,충남,예산군,차대차,정면충돌,중앙선 침범,단일로,기타단일로,승용차,화물차,126.8738,36.61,충남예산군,1,승용차화물차,0,1,0,187
2012-07-16,주간,월,1,5,1,3,0,전남,화순군,차대차,기타,안전운전 의무 불이행,단일로,기타단일로,승용차,승용차,126.9878,34.9317,전남화순군,1,승용차승용차,0,0,0,88
2012-07-26,주간,목,1,4,3,0,0,경남,창원시(통합),차대차,측면직각충돌,안전운전 의무 불이행,단일로,기타단일로,승용차,승용차,128.5557,35.2086,경남창원시(통합),1,승용차승용차,0,0,0,86