발생년월일,주야,요일,사망자수,사상자수,중상자수,경상자수,부상신고자수,발생지시도,발생지시군구,사고유형_대분류,사고유형_중분류,법규위반,도로형태_대분류,도로형태,당사자종별_1당_대분류,당사자종별_2당_대분류,경도,위도,발생지,사고피해정도,사고차량타입,도시여부,주말/공휴일,인구수,발생지번호
2014-08-29,야간,금,1,4,3,0,0,전남,순천시,차대차,측면직각충돌,안전운전 의무 불이행,교차로,교차로내,승용차,이륜차,127.4828,34.9719,전남순천시,1,승용차이륜차,0,0,0,27
2014-05-02,야간,금,1,3,2,0,0,충남,청양군,차대사람,기타,안전운전 의무 불이행,단일로,기타단일로,승용차,보행자,126.9984,36.4051,충남청양군,1,승용차보행자,0,0,0,174
2014-01-14,주간,화,1,3,2,0,0,제주,서귀포시,차대차,정면충돌,중앙선 침범,단일로,기타단일로,승용차,화물차,126.5502,33.2911,제주서귀포시,1,승용차화물차,0,0,0,62
2014-11-14,야간,금,1,3,2,0,0,대전,서구,차대차,측면직각충돌,과속,교차로,교차로내,승용차,승용차,127.3685,36.3598,대전서구,1,승용차승용차,0,0,0,4
2014-11-14,주간,금,1,4,1,2,0,경기,김포시,차대차,측면직각충돌,중앙선 침범,단일로,기타단일로,화물차,화물차,126.6102,37.655,경기김포시,1,화물차화물차,0,0,0,47
2013-05-20,야간,월,1,3,2,0,0,충남,천안시,차대차,정면충돌,중앙선 침범,기타,기타,승용차,화물차,127.1656,36.828,충남천안시,1,승용차화물차,0,0,0,63
2014-09-26,야간,금,1,3,2,0,0,경남,진주시,차대차,추돌,안전운전 의무 불이행,단일로,기타단일로,승용차,건설기계,128.0135,35.1353,경남진주시,1,승용차건설기계,0,0,0,42
2014-09-02,야간,화,2,5,3,0,0,경북,구미시,차대사람,기타,안전운전 의무 불이행,단일로,기타단일로,승용차,보행자,128.3993,36.1367,경북구미시,1,승용차보행자,0,0,0,144
2014-09-14,주간,일,1,5,0,4,0,전북,군산시,차대차,기타,안전운전 의무 불이행,교차로,교차로내,승용차,승합차,126.7761,35.9597,전북군산시,1,승용차승합차,0,1,0,166
2014-12-24,주간,수,1,6,1,4,0,경북,예천군,차대차,정면충돌,중앙선 침범,단일로,기타단일로,승용차,화물차,128.4202,36.6254,경북예천군,1,승용차화물차,0,0,0,55
2014-12-30,야간,화,1,4,3,0,0,서울,종로구,차대차,정면충돌,중앙선 침범,단일로,기타단일로,승용차,승용차,126.9704,37.5692,서울종로구,1,승용차승용차,0,0,0,116
2014-06-03,야간,화,1,4,2,1,0,경기,파주시,차대차,기타,안전운전 의무 불이행,단일로,기타단일로,승합차,승용차,126.7319,37.8394,경기파주시,1,승합차승용차,0,0,0,175
2014-06-10,야간,화,2,5,2,1,0,울산,남구,차대차,측면직각충돌,신호위반,교차로,교차로내,건설기계,승용차,129.3474,35.5283,울산남구,1,건설기계승용차,0,0,0,213
2014-06-07,야간,토,2,4,0,2,0,경기,광주시,차대차,기타,중앙선 침범,단일로,기타단일로,원동기장치자전거,승용차,127.2417,37.3793,경기광주시,1,원동기장치자전거승용차,0,1,0,9
2014-06-07,야간,토,1,3,2,0,0,경남,의령군,차량단독,공작물충돌,안전운전 의무 불이행,단일로,기타단일로,화물차,없음,128.3834,35.3856,경남의령군,1,화물차없음,0,1,0,189
2014-07-03,주간,목,1,3,2,0,0,강원,철원군,차량단독,공작물충돌,안전운전 의무 불이행,단일로,기타단일로,화물차,없음,127.2473,38.2095,강원철원군,1,화물차없음,0,0,0,184
2014-07-15,야간,화,1,4,1,2,0,경기,이천시,차량단독,공작물충돌,과속,단일로,기타단일로,승용차,없음,127.375,37.2935,경기이천시,1,승용차없음,0,0,0,41
2014-02-06,주간,목,1,6,1,1,3,경기,화성시,차대차,측면직각충돌,신호위반,교차로,교차로내,승용차,승합차,126.9117,37.1356,경기화성시,1,승용차승합차,0,0,0,50
2014-08-03,야간,일,1,3,2,0,0,울산,북구,차대차,정면충돌,중앙선 침범,단일로,기타단일로,승용차,승용차,129.3987,35.5155,울산북구,1,승용차승용차,0,1,0,158
2014-08-05,주간,화,1,4,2,1,0,강원,속초시,차대차,측면직각충돌,교차로 통행방법 위반,교차로,교차로내,화물차,승합차,128.585,38.2276,강원속초시,1,화물차승합차,0,0,0,104
2014-02-15,야간,토,1,4,0,3,0,경기,평택시,차대차,기타,교차로 통행방법 위반,교차로,교차로내,승용차,승합차,127.1043,36.9857,경기평택시,1,승용차승합차,0,1,0,14
2014-03-29,주간,토,1,4,3,0,0,강원,원주시,차량단독,공작물충돌,안전운전 의무 불이행,단일로,교량위,승합차,없음,127.9042,37.3657,강원원주시,1,승합차없음,0,1,0,36
2014-07-28,야간,월,2,4,1,1,0,경기,광주시,차대차,기타,안전운전 의무 불이행,단일로,기타단일로,승용차,승용차,127.3182,37.3638,경기광주시,1,승용차승용차,0,0,0,9
2014-09-12,야간,금,1,5,3,1,0,충북,청주시,차대차,추돌,안전거리 미확보,단일로,기타단일로,화물차,승용차,127.4241,36.6687,충북청주시,1,화물차승용차,0,0,0,83
2014-06-12,주간,목,1,4,1,2,0,전남,나주시,차대사람,기타,안전운전 의무 불이행,단일로,기타단일로,승용차,보행자,126.7538,34.9868,전남나주시,1,승용차보행자,0,0,0,33
2014-07-22,야간,화,1,4,0,3,0,충북,청주시,차대차,기타,과속,단일로,기타단일로,승용차,승용차,127.4886,36.6547,충북청주시,1,승용차승용차,0,0,0,83
2014-08-19,야간,화,1,4,2,1,0,경기,성남시,차량단독,공작물충돌,안전운전 의무 불이행,교차로,교차로부근,승합차,없음,127.1079,37.3598,경기성남시,1,승합차없음,0,0,0,95
2014-08-15,주간,금,1,3,2,0,0,경기,남양주시,차대차,측면직각충돌,신호위반,교차로,교차로내,승용차,승용차,127.1785,37.7125,경기남양주시,1,승용차승용차,0,1,0,70
2014-07-07,주간,월,1,3,2,0,0,경북,의성군,차대차,추돌,안전운전 의무 불이행,교차로,교차로부근,화물차,화물차,128.6102,36.3086,경북의성군,1,화물차화물차,0,0,0,105
2014-09-06,주간,토,1,5,4,0,0,전북,익산시,차량단독,공작물충돌,안전운전 의무 불이행,단일로,기타단일로,승용차,없음,127.1035,36.0441,전북익산시,1,승용차없음,0,1,0,125
2014-07-21,야간,월,1,3,2,0,0,경기,여주시,차량단독,전도전복,안전운전 의무 불이행,교차로,교차로부근,원동기장치자전거,없음,127.6465,37.2942,경기여주시,1,원동기장치자전거없음,0,0,0,22
2014-08-08,야간,금,1,5,4,0,0,인천,남동구,차대차,측면직각충돌,안전운전 의무 불이행,교차로,교차로내,승용차,승용차,126.7248,37.4116,인천남동구,1,승용차승용차,0,0,0,29
2014-08-02,주간,토,1,3,2,0,0,전남,순천시,차대차,측면직각충돌,중앙선 침범,단일로,기타단일로,승합차,승용차,127.4894,34.9661,전남순천시,1,승합차승용차,0,1,0,27
2014-07-27,야간,일,1,6,5,0,0,대전,대덕구,차량단독,전도전복,안전운전 의무 불이행,단일로,기타단일로,화물차,없음,127.4223,36.4127,대전대덕구,1,화물차없음,0,1,0,77
2014-07-27,주간,일,1,7,2,4,0,대구,동구,차대차,추돌,안전운전 의무 불이행,단일로,기타단일로,화물차,화물차,128.6561,35.9144,대구동구,1,화물차화물차,0,1,0,26
2014-06-14,야간,토,1,5,2,1,1,경기,용인시,차량단독,공작물충돌,안전운전 의무 불이행,단일로,기타단일로,승용차,없음,127.2108,37.2267,경기용인시,1,승용차없음,0,1,0,51
2014-05-08,야간,목,1,3,2,0,0,강원,철원군,차대차,측면직각충돌,안전운전 의무 불이행,단일로,기타단일로,화물차,화물차,127.5351,38.2743,강원철원군,1,화물차화물차,0,0,0,184
2014-05-20,주간,화,1,3,2,0,0,전남,여수시,차대차,기타,신호위반,교차로,교차로내,특수차,화물차,127.6701,34.8368,전남여수시,1,특수차화물차,0,0,0,102
2014-05-29,주간,목,1,3,2,0,0,서울,용산구,차대차,추돌,과속,단일로,터널안,승용차,승용차,126.9883,37.5448,서울용산구,1,승용차승용차,0,0,0,134
2014-04-11,야간,금,3,6,0,2,1,충북,충주시,차대차,기타,안전운전 의무 불이행,단일로,기타단일로,화물차,건설기계,127.8899,36.9078,충북충주시,1,화물차건설기계,0,0,0,6
2014-06-23,야간,월,1,3,2,0,0,서울,은평구,차대차,추돌,안전운전 의무 불이행,단일로,기타단일로,승용차,승용차,126.8953,37.5822,서울은평구,1,승용차승용차,0,0,0,139
2014-07-05,야간,토,1,4,3,0,0,전북,전주시,차대차,정면충돌,신호위반,교차로,교차로내,승용차,화물차,127.1189,35.8488,전북전주시,1,승용차화물차,0,1,0,11
2014-10-31,야간,금,1,5,2,2,0,대구,북구,차대차,추돌,안전운전 의무 불이행,단일로,기타단일로,승용차,승용차,128.5828,35.9094,대구북구,1,승용차승용차,0,0,0,112
2014-04-27,야간,일,2,3,1,0,0,경남,거창군,차대차,기타,안전운전 의무 불이행,단일로,기타단일로,특수차,승용차,127.9186,35.6424,경남거창군,1,특수차승용차,0,1,0,154
2014-01-28,야간,화,1,3,2,0,0,경기,고양시,차대사람,기타,안전운전 의무 불이행,단일로,기타단일로,승용차,보행자,126.8066,37.6151,경기고양시,1,승용차보행자,0,0,0,40
2014-03-26,주간,수,1,6,3,1,1,경남,진주시,차대차,추돌,안전운전 의무 불이행,단일로,기타단일로,승합차,화물차,127.9949,35.2258,경남진주시,1,승합차화물차,0,0,0,42
2014-08-13,주간,수,1,3,2,0,0,경기,김포시,차대차,기타,안전운전 의무 불이행,단일로,기타단일로,건설기계,화물차,126.7656,37.5919,경기김포시,1,건설기계화물차,0,0,0,47
2014-07-03,주간,목,1,3,2,0,0,경기,포천시,차대차,측면직각충돌,중앙선 침범,교차로,교차로부근,화물차,화물차,127.2594,38.0254,경기포천시,1,화물차화물차,0,0,0,171
2014-09-12,주간,금,1,4,1,2,0,경남,하동군,차대사람,기타,안전운전 의무 불이행,단일로,기타단일로,화물차,보행자,127.8311,35.0035,경남하동군,1,화물차보행자,0,0,0,172
2014-05-25,주간,일,2,4,1,1,0,경기,고양시,차대차,측면직각충돌,신호위반,교차로,교차로내,승용차,승용차,126.7143,37.6938,경기고양시,1,승용차승용차,0,1,0,40
2014-01-13,주간,월,1,3,2,0,0,경기,용인시,차대차,측면직각충돌,신호위반,교차로,교차로내,승용차,승용차,127.1044,37.2743,경기용인시,1,승용차승용차,0,0,0,51
2014-06-23,주간,월,1,5,0,4,0,충북,충주시,차량단독,공작물충돌,안전운전 의무 불이행,단일로,기타단일로,승합차,없음,127.9284,37.038,충북충주시,1,승합차없음,0,0,0,6
2014-04-28,주간,월,1,3,2,0,0,경기,이천시,차대사람,기타,안전운전 의무 불이행,단일로,기타단일로,화물차,보행자,127.4387,37.1471,경기이천시,1,화물차보행자,0,0,0,41
2014-01-25,주간,토,1,4,1,2,0,경북,봉화군,차량단독,공작물충돌,안전운전 의무 불이행,단일로,기타단일로,승합차,없음,128.9484,36.8334,경북봉화군,1,승합차없음,0,1,0,149
2014-09-03,야간,수,2,7,1,4,0,경기,용인시,차량단독,공작물충돌,과속,단일로,기타단일로,승합차,없음,127.1193,37.2915,경기용인시,1,승합차없음,0,0,0,51
2014-06-11,주간,수,1,4,3,0,0,경북,상주시,차대차,정면충돌,중앙선 침범,단일로,기타단일로,승용차,화물차,128.0957,36.4066,경북상주시,1,승용차화물차,0,0,0,58
2014-06-09,주간,월,1,3,2,0,0,경남,함안군,차량단독,전도전복,안전운전 의무 불이행,기타,고가도로위,화물차,없음,128.4681,35.2672,경남함안군,1,화물차없음,0,0,0,117
2014-06-17,야간,화,1,3,2,0,0,경기,수원시,차대차,측면직각충돌,신호위반,교차로,교차로내,이륜차,승용차,127.0187,37.2501,경기수원시,1,이륜차승용차,0,0,0,99
2014-06-18,야간,수,2,3,1,0,0,전남,고흥군,차량단독,전도전복,안전운전 의무 불이행,단일로,기타단일로,화물차,없음,127.2516,34.5808,전남고흥군,1,화물차없음,0,0,0,191
2014-05-24,주간,토,1,6,4,1,0,충남,태안군,차대차,측면직각충돌,중앙선 침범,단일로,기타단일로,건설기계,승합차,126.4089,36.4597,충남태안군,1,건설기계승합차,0,1,0,169
2014-01-08,야간,수,1,3,2,0,0,경기,파주시,차량단독,공작물충돌,안전운전 의무 불이행,교차로,교차로부근,화물차,없음,126.7892,37.775,경기파주시,1,화물차없음,0,0,0,175
2014-02-18,야간,화,1,4,0,3,0,경기,안산시,차대사람,횡단중,안전운전 의무 불이행,교차로,교차로부근,승용차,보행자,126.8365,37.3167,경기안산시,1,승용차보행자,0,0,0,2
2014-03-16,주간,일,1,5,4,0,0,인천,남구,차량단독,기타,안전운전 의무 불이행,기타,고가도로위,화물차,없음,126.6363,37.4443,인천남동구,1,화물차없음,0,1,0,29
2014-05-20,주간,화,1,4,0,3,0,부산,강서구,차대차,추돌,안전거리 미확보,기타,기타,화물차,화물차,128.9602,35.1706,부산강서구,1,화물차화물차,0,0,0,206
2014-01-03,야간,금,1,4,1,2,0,경기,용인시,차대차,추돌,안전운전 의무 불이행,단일로,기타단일로,화물차,승용차,127.2792,37.2342,경기용인시,1,화물차승용차,0,0,0,51
2014-01-22,야간,수,1,4,1,2,0,경기,수원시,차대차,정면충돌,중앙선 침범,교차로,교차로부근,승용차,승용차,126.9783,37.2773,경기수원시,1,승용차승용차,0,0,0,99
2014-06-12,야간,목,1,3,2,0,0,전북,남원시,차량단독,전도전복,안전운전 의무 불이행,단일로,기타단일로,화물차,없음,127.377,35.3169,전북남원시,1,화물차없음,0,0,0,193
2014-06-25,주간,수,1,4,1,2,0,경기,성남시,차대차,측면직각충돌,안전운전 의무 불이행,단일로,기타단일로,화물차,승합차,127.1033,37.3577,경기성남시,1,화물차승합차,0,0,0,95
2014-09-24,주간,수,1,4,1,2,0,경기,이천시,차대차,추돌,안전운전 의무 불이행,단일로,기타단일로,화물차,화물차,127.4284,37.2305,경기이천시,1,화물차화물차,0,0,0,41
2014-02-09,주간,일,1,4,1,1,1,경북,경주시,차량단독,공작물충돌,안전운전 의무 불이행,기타,기타,승용차,없음,129.1902,35.8101,경북경주시,1,승용차없음,0,1,0,100
2014-06-15,주간,일,1,5,1,3,0,부산,해운대구,차대차,측면직각충돌,신호위반,교차로,교차로내,건설기계,승용차,129.1279,35.2198,부산해운대구,1,건설기계승용차,0,1,0,1
2014-05-08,주간,목,1,4,3,0,0,경기,고양시,차대차,측면직각충돌,신호위반,교차로,교차로내,특수차,승용차,126.8206,37.6284,경기고양시,1,특수차승용차,0,0,0,40
2014-05-31,주간,토,1,3,2,0,0,충북,증평군,차대차,측면직각충돌,직진 및 우회전차의 통행방해,교차로,교차로내,화물차,승용차,127.6313,36.7942,충북증평군,1,화물차승용차,0,1,0,138
2014-11-10,야간,월,1,4,2,1,0,충북,음성군,차대차,추돌,안전운전 의무 불이행,단일로,기타단일로,화물차,화물차,127.7164,37.098,충북음성군,1,화물차화물차,0,0,0,110
2014-01-26,주간,일,1,3,2,0,0,충남,당진시,차대차,기타,중앙선 침범,단일로,기타단일로,승용차,승용차,126.6823,36.869,충남당진시,1,승용차승용차,0,1,0,46
2014-01-04,주간,토,1,3,2,0,0,전남,순천시,차대차,측면직각충돌,신호위반,교차로,교차로내,승용차,승용차,127.4891,34.9957,전남순천시,1,승용차승용차,0,1,0,27
2014-10-04,주간,토,1,4,0,3,0,경남,함안군,차대차,기타,안전운전 의무 불이행,단일로,기타단일로,특수차,승용차,128.4742,35.2715,경남함안군,1,특수차승용차,0,1,0,117
2014-10-02,야간,목,1,6,5,0,0,경북,상주시,차대차,추돌,안전운전 의무 불이행,단일로,기타단일로,화물차,승용차,128.1544,36.3698,경북상주시,1,화물차승용차,0,0,0,58
2014-02-21,야간,금,1,3,2,0,0,경기,파주시,차대차,측면직각충돌,중앙선 침범,단일로,기타단일로,승용차,승용차,126.7914,37.7948,경기파주시,1,승용차승용차,0,0,0,175
2014-06-21,야간,토,2,3,1,0,0,경기,동두천시,차대차,정면충돌,중앙선 침범,단일로,기타단일로,승용차,승용차,127.0461,37.8953,경기동두천시,1,승용차승용차,0,1,0,94
2014-11-20,주간,목,1,5,0,4,0,충북,괴산군,차대차,추돌,안전운전 의무 불이행,단일로,기타단일로,승용차,승용차,127.9936,36.7582,충북괴산군,1,승용차승용차,0,0,0,179
2014-06-22,야간,일,1,5,2,2,0,강원,원주시,차대차,정면충돌,중앙선 침범,교차로,교차로내,승용차,승용차,128.0044,37.4231,강원원주시,1,승용차승용차,0,1,0,36
2014-08-03,주간,일,1,3,2,0,0,부산,해운대구,차대차,추돌,안전운전 의무 불이행,단일로,기타단일로,승용차,화물차,129.1284,35.22,부산해운대구,1,승용차화물차,0,1,0,1
2014-07-03,야간,목,1,3,2,0,0,경남,양산시,차대차,기타,중앙선 침범,기타,기타,승용차,승용차,129.0349,35.3339,경남양산시,1,승용차승용차,0,0,0,49
2014-07-25,주간,금,1,4,2,1,0,전남,신안군,차대차,정면충돌,중앙선 침범,단일로,기타단일로,화물차,승용차,126.2371,35.0602,전남신안군,1,화물차승용차,0,0,0,132
2014-08-02,주간,토,1,4,0,3,0,경기,남양주시,차대차,추돌,안전운전 의무 불이행,단일로,기타단일로,건설기계,승용차,127.1713,37.7016,경기남양주시,1,건설기계승용차,0,1,0,70
2014-07-15,야간,화,1,4,1,2,0,경기,김포시,차대차,측면직각충돌,교차로 통행방법 위반,교차로,교차로내,승용차,이륜차,126.7122,37.6274,경기김포시,1,승용차이륜차,0,0,0,47
2014-11-06,주간,목,1,4,2,1,0,대구,달성군,차대차,추돌,안전운전 의무 불이행,단일로,기타단일로,화물차,화물차,128.4347,35.6766,대구달성군,1,화물차화물차,0,0,0,30
2014-05-21,주간,수,1,5,4,0,0,경북,경주시,차대차,기타,중앙선 침범,단일로,기타단일로,승용차,승용차,129.0569,35.7764,경북경주시,1,승용차승용차,0,0,0,100
2014-05-28,주간,수,1,7,3,3,0,충남,당진시,차대차,측면직각충돌,교차로 통행방법 위반,교차로,교차로내,화물차,승용차,126.547,37.0189,충남당진시,1,화물차승용차,0,0,0,46
2014-05-31,야간,토,1,7,2,4,0,충남,논산시,차대차,측면직각충돌,신호위반,교차로,교차로내,자전거,승용차,127.1607,36.2134,충남논산시,1,자전거승용차,0,1,0,61
2014-06-25,야간,수,1,4,3,0,0,경기,수원시,차대차,정면충돌,신호위반,교차로,교차로내,승용차,승용차,127.0187,37.2501,경기수원시,1,승용차승용차,0,0,0,99
2014-06-02,주간,월,1,4,2,1,0,서울,강동구,차대차,기타,중앙선 침범,단일로,기타단일로,승용차,승용차,127.1496,37.5318,서울강동구,1,승용차승용차,0,0,0,91
2014-06-25,주간,수,2,3,1,0,0,경기,평택시,차대차,기타,안전거리 미확보,단일로,교량위,화물차,화물차,127.0712,36.9801,경기평택시,1,화물차화물차,0,0,0,14
2014-07-18,주간,금,1,4,0,3,0,경기,시흥시,차대차,추돌,안전운전 의무 불이행,단일로,기타단일로,화물차,승용차,126.8089,37.4487,경기시흥시,1,화물차승용차,0,0,0,73
2014-07-29,야간,화,1,4,2,1,0,경기,수원시,차대차,기타,신호위반,교차로,교차로내,화물차,승용차,127.0192,37.2925,경기수원시,1,화물차승용차,0,0,0,99
2014-07-03,야간,목,1,4,1,2,0,경북,김천시,차대차,기타,안전운전 의무 불이행,단일로,기타단일로,승용차,농기계,128.0379,36.1473,경북김천시,1,승용차농기계,0,0,0,76
2014-07-14,야간,월,2,4,2,0,0,경기,동두천시,차량단독,공작물충돌,안전운전 의무 불이행,단일로,기타단일로,승용차,없음,127.0574,37.876,경기동두천시,1,승용차없음,0,0,0,94
2014-07-19,주간,토,1,3,2,0,0,울산,동구,차대차,측면직각충돌,신호위반,교차로,교차로내,이륜차,이륜차,129.4223,35.488,울산동구,1,이륜차이륜차,0,1,0,225
2014-08-01,주간,금,2,5,3,0,0,강원,인제군,차대차,정면충돌,중앙선 침범,단일로,기타단일로,승용차,승합차,128.2707,38.1347,강원인제군,1,승용차승합차,0,0,0,124
2014-07-30,야간,수,1,3,2,0,0,경북,안동시,차대차,추돌,안전운전 의무 불이행,단일로,기타단일로,승용차,승용차,128.7666,36.5806,경북안동시,1,승용차승용차,0,0,0,66
2014-08-04,야간,월,3,3,0,0,0,전남,보성군,차대차,정면충돌,중앙선 침범,단일로,교량위,승용차,승용차,127.073,34.8311,전남보성군,1,승용차승용차,0,0,0,122
2014-06-30,야간,월,1,3,2,0,0,경북,경주시,차량단독,전도전복,안전운전 의무 불이행,단일로,기타단일로,승용차,없음,129.2408,35.8047,경북경주시,1,승용차없음,0,0,0,100
2014-02-03,주간,월,1,4,1,2,0,광주,광산구,차대차,추돌,과속,단일로,기타단일로,승용차,승용차,126.7145,35.1097,광주광산구,1,승용차승용차,0,0,0,135
2014-07-06,주간,일,3,5,2,0,0,충북,단양군,차대차,추돌,중앙선 침범,교차로,교차로내,화물차,화물차,128.3098,37.0434,충북단양군,1,화물차화물차,0,1,0,204
2014-07-06,주간,일,1,3,2,0,0,경북,영천시,차대차,정면충돌,중앙선 침범,단일로,기타단일로,승용차,승용차,128.8207,35.9941,경북영천시,1,승용차승용차,0,1,0,5
2014-07-12,야간,토,1,3,2,0,0,충남,아산시,차량단독,도로이탈,안전운전 의무 불이행,단일로,기타단일로,승용차,없음,126.8677,36.8025,충남아산시,1,승용차없음,0,1,0,53
2014-07-11,야간,금,2,3,1,0,0,경기,안산시,차량단독,공작물충돌,안전운전 의무 불이행,교차로,교차로부근,승용차,없음,126.7916,37.3348,경기안산시,1,승용차없음,0,0,0,2
2014-08-04,주간,월,2,5,1,2,0,경기,광명시,차대사람,횡단중,신호위반,단일로,횡단보도상,화물차,보행자,126.8483,37.4692,경기광명시,1,화물차보행자,0,0,0,81
2014-08-05,야간,화,1,4,1,2,0,경기,평택시,차대차,측면직각충돌,교차로 통행방법 위반,교차로,교차로부근,승용차,승용차,126.8903,36.9374,경기평택시,1,승용차승용차,0,0,0,14
2014-06-30,주간,월,1,3,2,0,0,울산,중구,차대차,측면직각충돌,안전운전 의무 불이행,단일로,기타단일로,화물차,화물차,129.3485,35.5505,울산중구,1,화물차화물차,0,0,0,205
2014-07-06,야간,일,1,4,0,3,0,경기,여주시,차대차,추돌,안전운전 의무 불이행,단일로,기타단일로,화물차,농기계,127.5611,37.2992,경기여주시,1,화물차농기계,0,1,0,22
2014-05-11,야간,일,1,5,4,0,0,경기,구리시,차대차,기타,신호위반,교차로,교차로내,승용차,승용차,127.128,37.5727,경기구리시,1,승용차승용차,0,1,0,165
2014-05-21,주간,수,1,4,3,0,0,광주,북구,차대차,정면충돌,중앙선 침범,단일로,기타단일로,승용차,승용차,126.9367,35.2043,광주북구,1,승용차승용차,0,0,0,137
2014-06-04,야간,수,1,3,2,0,0,경기,화성시,차대차,정면충돌,중앙선 침범,단일로,기타단일로,화물차,승용차,126.7978,37.1996,경기화성시,1,화물차승용차,0,1,0,50
2014-07-20,주간,일,1,4,1,2,0,경기,수원시,차대차,정면충돌,중앙선 침범,단일로,기타단일로,승용차,승용차,127.0215,37.3125,경기수원시,1,승용차승용차,0,1,0,99
2014-07-27,야간,일,1,3,2,0,0,강원,철원군,차대차,정면충돌,교차로 통행방법 위반,교차로,교차로내,승용차,승용차,127.1655,38.245,강원철원군,1,승용차승용차,0,1,0,184
2014-07-05,주간,토,1,5,3,0,1,제주,서귀포시,차량단독,전도전복,정비불량 제차의 운전금지위반,단일로,기타단일로,화물차,없음,126.4791,33.259,제주서귀포시,1,화물차없음,0,1,0,62
2014-08-02,주간,토,1,4,3,0,0,경남,거제시,차대차,정면충돌,중앙선 침범,단일로,기타단일로,승용차,승용차,128.6563,34.9405,경남거제시,1,승용차승용차,0,1,0,15
2014-07-15,야간,화,1,4,3,0,0,경기,화성시,차대차,기타,신호위반,교차로,교차로내,승용차,승용차,126.7546,37.2115,경기화성시,1,승용차승용차,0,0,0,50
2014-06-07,주간,토,1,5,2,2,0,전남,광양시,차대차,기타,신호위반,교차로,교차로내,이륜차,화물차,127.6951,34.9385,전남광양시,1,이륜차화물차,0,1,0,130
2014-05-29,야간,목,2,5,3,0,0,경기,평택시,차량단독,전도전복,과속,단일로,기타단일로,승용차,없음,127.0699,37.0363,경기평택시,1,승용차없음,0,0,0,14
2014-05-30,야간,금,1,3,2,0,0,전남,함평군,차대차,측면직각충돌,안전운전 의무 불이행,교차로,교차로내,화물차,화물차,126.5329,35.0223,전남함평군,1,화물차화물차,0,0,0,157
2014-05-28,야간,수,1,5,3,1,0,경기,여주시,차량단독,공작물충돌,안전운전 의무 불이행,단일로,교량위,승용차,없음,127.6541,37.2589,경기여주시,1,승용차없음,0,0,0,22
2014-07-23,야간,수,1,5,4,0,0,충남,보령시,차대차,측면직각충돌,신호위반,교차로,교차로내,승합차,승용차,126.5231,36.309,충남보령시,1,승합차승용차,0,0,0,136
2014-07-21,주간,월,1,4,2,1,0,전남,광양시,차대차,추돌,안전운전 의무 불이행,교차로,교차로부근,승용차,승합차,127.6022,35.083,전남광양시,1,승용차승합차,0,0,0,130
2014-08-02,야간,토,1,6,1,4,0,경기,안양시,차대차,추돌,안전운전 의무 불이행,교차로,교차로부근,승용차,승용차,126.9525,37.3831,경기안양시,1,승용차승용차,0,1,0,151
2014-08-14,야간,목,2,3,0,1,0,전북,전주시,차대차,추돌,신호위반,교차로,교차로내,승용차,승용차,127.1237,35.8355,전북전주시,1,승용차승용차,0,0,0,11
2014-07-31,야간,목,1,6,0,2,3,경기,수원시,차대차,추돌,안전운전 의무 불이행,교차로,교차로부근,승용차,화물차,127.0324,37.2468,경기수원시,1,승용차화물차,0,0,0,99
2014-05-28,주간,수,2,5,2,1,0,인천,중구,차대차,측면직각충돌,앞지르기 금지위반,교차로,교차로내,화물차,승용차,126.4222,37.4815,인천중구,1,화물차승용차,0,0,0,72
2014-06-09,주간,월,1,8,0,6,1,서울,은평구,차대차,정면충돌,중앙선 침범,단일로,기타단일로,이륜차,승합차,126.9198,37.6234,서울은평구,1,이륜차승합차,0,0,0,139
2014-06-07,주간,토,1,3,2,0,0,인천,서구,차량단독,공작물충돌,안전운전 의무 불이행,교차로,교차로내,승용차,없음,126.6123,37.5543,인천서구,1,승용차없음,0,1,0,97
2014-05-27,주간,화,1,4,2,1,0,충남,서산시,차대차,측면직각충돌,신호위반,교차로,교차로내,승용차,승용차,126.4329,36.9384,충남서산시,1,승용차승용차,0,0,0,69
2014-08-11,야간,월,1,3,2,0,0,전남,무안군,차대차,기타,중앙선 침범,단일로,기타단일로,화물차,승용차,126.4179,35.0233,전남무안군,1,화물차승용차,0,0,0,101
2014-09-11,주간,목,2,3,1,0,0,전북,완주군,차량단독,공작물충돌,안전운전 의무 불이행,단일로,기타단일로,승용차,없음,127.1525,35.8954,전북완주군,1,승용차없음,0,0,0,28
2014-11-24,주간,월,1,4,1,2,0,경남,진주시,차대차,기타,안전운전 의무 불이행,단일로,기타단일로,승용차,화물차,128.022,35.2012,경남진주시,1,승용차화물차,0,0,0,42
2014-11-21,주간,금,1,4,1,2,0,경북,경주시,차대차,추돌,안전운전 의무 불이행,단일로,기타단일로,화물차,화물차,129.1291,35.8233,경북경주시,1,화물차화물차,0,0,0,100
2014-05-23,주간,금,1,10,1,3,5,경기,안산시,차대차,추돌,안전운전 의무 불이행,단일로,기타단일로,승용차,승합차,126.7866,37.3293,경기안산시,1,승용차승합차,0,0,0,2
2014-06-16,야간,월,1,4,1,2,0,강원,철원군,차대차,측면직각충돌,교차로 통행방법 위반,교차로,교차로내,승용차,승용차,127.3474,38.2283,강원철원군,1,승용차승용차,0,0,0,184
2014-07-15,야간,화,2,6,2,2,0,경북,경산시,차대차,기타,중앙선 침범,단일로,기타단일로,승용차,승용차,128.7432,35.8072,경북경산시,1,승용차승용차,0,0,0,52